id,title,duration_string,resolution,view_count,like_count,comment_count,timestamp,upload_date,epoch,week,genre,series
Atv0bzZzFWA,Hermitcraft VII 884 Trading Our Way To The End!,21:36,640x360,869121,33280,3700.0,1583248500,20200303,1736489280,2617,,
heaBGD3JBXU,"Minecraft 1.16 Snapshot 20w10a Smithing Table Use, New Item Frame Features!",10:28,640x360,897584,32571,1800.0,1583349170,20200304,1736489277,2617,,
8-eNtmCrDKw,"Hermitcraft VII 885 Villagers, Shulkers & Withers!",21:30,640x360,1028470,37356,2300.0,1583421301,20200305,1736489274,2618,,
UDKR86E6yjI,Hermitcraft VII 886 The Wither Bee!,22:04,640x360,990736,40830,1900.0,1583586900,20200307,1736489271,2618,,
Iq2Af14kcaY,Hermitcraft VII 887 My Base Plans Revealed!,20:51,640x360,888537,35749,2300.0,1583766900,20200309,1736489268,2618,,
nxNBKdKn-Ew,"Minecraft 1.16 Snapshot 20w11a Soul Speed Enchantment, Nether Gold Ore, Twisted Vines!",12:32,640x360,1042820,35838,2700.0,1583956177,20200311,1736489265,2618,,
8Xsi1A4ldtk,Hermitcraft VII 888 The Honey Pot Shop!,22:04,640x360,919134,36458,2800.0,1584026100,20200312,1736489262,2619,,
5kP5dW35XrM,Hermitcraft VII 889 Mapping Out The Master Plan!,21:11,640x360,836609,32829,1600.0,1584194696,20200314,1736489259,2619,,
zeoovSB1dqk,Hermitcraft VII 890 Epic Scale Construction!,21:25,640x360,902617,51523,2200.0,1584371705,20200316,1736489256,2619,,
0tPO3D1PCC0,"Minecraft 1.16 Snapshot 20w12a Respawn Anchor, 0-Tick Farms & AFK Fishing Nerfed!",12:48,640x360,1079167,37985,3000.0,1584563379,20200318,1736489254,2619,,
ATLrpx2D_No,Hermitcraft VII 891 The Ghastly Ways Of Quartz,21:12,640x360,759983,34815,3500.0,1584630901,20200319,1736489251,2620,,
hiXesBdf-ZI,Hermitcraft VII 892 Beeralis & The Wolves!,29:04,640x360,857524,32089,1400.0,1584796500,20200321,1736489248,2620,,
nakEvlo8Gyg,Hermitcraft VII 893 The Bee Breeder!,22:25,640x360,813970,33215,1700.0,1584976504,20200323,1736489245,2620,,
3htxF1vCXMs,Minecraft 1.16 Snapshot 20w13a The Strider! Lodestone Compass & Basalt Generator!,10:48,640x360,1249465,57861,6200.0,1585165778,20200325,1736489242,2620,,
QknQ2jMZptA,"Hermitcraft VII 894 Deals, Raids & Squids!",21:06,640x360,752460,40684,2600.0,1585235701,20200326,1736489239,2621,,
JSOVEaSi1OY,Hermitcraft VII 895 Blow It Up! (TNT Blast Chamber),21:30,640x360,749602,34058,1700.0,1585401301,20200328,1736489236,2621,,
zwV1sd_2DaE,Hermitcraft VII 896 I've Got All The Diamonds!,22:40,640x360,965046,39380,3100.0,1585577702,20200330,1736489233,2621,,
Y2MGdZnna24,Minecraft 1.16 Snapshot 20w14∞ The Infinity Snapshot,16:45,640x360,1435294,64806,12000.0,1585765231,20200401,1736489230,2621,,
Xf1tjSUc6Wg,Hermitcraft VII 897 Batmageddon & Podium Expansion,22:46,640x360,807586,37510,3800.0,1585836904,20200402,1736489227,2622,,
goK2tn7MgiY,Minecraft 1.16 Snapshot 20w14a A New Mob! The Zoglin,8:36,640x360,710488,30774,1400.0,1585851691,20200402,1736489225,2622,,
4GhlStas9Uk,Hermitcraft VII 898 Who Got A Golden Ticket?,21:38,640x360,797132,39078,2000.0,1586088900,20200405,1736489222,2622,,
YqVLvzj4lDY,Hermitcraft VII 899 Stacks Upon Stacks Upon Stacks!,20:35,640x360,819506,43653,2200.0,1586268901,20200407,1736489219,2622,,
Xs_w6dBvf1E,Minecraft 1.16 Snapshot 20w15a New Basalt Deltas Biome & Tons Of New Blocks!,14:05,640x360,1100723,51118,6000.0,1586368033,20200408,1736489216,2622,,
F6erH2WUt4k,Hermitcraft VII 900 Powered By Honey Crystal!,22:23,640x360,865149,43210,3500.0,1586528100,20200410,1736489213,2623,,
obYiGI2UYIM,Hermitcraft VII 901 Double Trouble In The Cowmercial District!,21:16,640x360,727428,30278,2500.0,1586693700,20200412,1736489210,2623,,
22Iekh_kt9Q,Minecraft 1.16 Snapshot 20w16a Nether Bastion Remnants! Ruined Portals & Pigstep Music Disc,13:50,640x360,1151612,51656,6300.0,1586976287,20200415,1736489207,2623,,
PL9_wIOG59o,Hermitcraft VII 902 A Whole Lot Of Concrete!,22:47,640x360,846262,39203,2100.0,1587046501,20200416,1736489204,2624,,
_jvN9o9eueo,Hermitcraft VII 903 Loads Of Llamas!,27:49,640x360,684002,30017,3800.0,1587222012,20200418,1736489201,2624,,
gEcozzCf_ZM,Hermitcraft VII 904 Adding A Splash Of Colour!,20:54,640x360,676427,32927,2600.0,1587392100,20200420,1736489198,2624,,
t6THtv8XHdo,"Minecraft 1.16 Snapshot 20w17a Entity Distance, Attribute Command & Chat Changes",11:10,640x360,816692,35075,1900.0,1587578809,20200422,1736489195,2624,,
mpXP7ZcjNs8,Hermitcraft VII 905 Burn The Witch!,21:18,640x360,755680,37069,3600.0,1587651302,20200423,1736489192,2625,,
DTsyylf5MSY,Hermitcraft VII 906 A Blazing Belt Upgrade!,21:15,640x360,757231,36784,2800.0,1587816902,20200425,1736489190,2625,,
b8nIivFRYTI,Hermitcraft VII 907 More Belt Shenanigans & Industrial Expansion!,21:36,640x360,709195,34342,3000.0,1587996904,20200427,1736489187,2625,,
maiE0QvWAz0,"Minecraft 1.16 Snapshot 20w18a Changes To Redstone, The Cross Has Returned!",10:05,640x360,832238,39264,3400.0,1588184788,20200429,1736489184,2625,,
HI7-iOxKfA0,"Hermitcraft VII 908 One Belt, Two Towers!",21:28,640x360,627840,31920,2400.0,1588342502,20200501,1736489181,2626,,
hhIH6gNopJY,Hermitcraft VII 909 Who Got The Tag Now?,22:05,640x360,678568,34019,3000.0,1588601700,20200504,1736489178,2626,,
75PI7DjCNts,Minecraft 1.16 Snapshot 20w19a Wither Rose Nerfed! Changes To Villagers & Iron Golem Spawning,10:13,640x360,864973,37413,2200.0,1588792518,20200506,1736489175,2626,,
MjrpZ_VQOG8,Hermitcraft VII 910 Massive Portal & Kelp Smelting Battery!,22:29,640x360,700681,35273,2300.0,1588860900,20200507,1736489172,2627,,
oAaL_er1AXo,Hermitcraft VII 911 The Mumbo For Mayor Interview!,23:09,640x360,622930,32780,2100.0,1589033704,20200509,1736489169,2627,,
AED6UTmqcp8,Hermitcraft VII 912 Concrete Profits & Turtle Power Portal Protection,21:00,640x360,616029,31968,2800.0,1589206501,20200511,1736489166,2627,,
vrTSPvAVaOw,Minecraft 1.16 Snapshot 20w20a Game Mode Switcher & Advancement Overhaul!,6:45,640x360,751990,30850,1500.0,1589392285,20200513,1736489163,2627,,
lRx2wvjOT7Y,Hermitcraft VII 913 Secret Bamboo Farm & New Tower!,21:17,640x360,661862,34598,3100.0,1589465702,20200514,1736489160,2628,,
pJgTmx3aTvY,Hermitcraft VII 914 The Rainbow Room & Dogcatcher Interview,20:32,640x360,510168,28324,3000.0,1589638501,20200516,1736489157,2628,,
kN2JIKzNPts,Hermitcraft VII 915 The Ultimate Smelter & Scar For Mayor!,21:48,640x360,642242,31974,2800.0,1589811300,20200518,1736489154,2628,,
L1Wy4gclcII,Minecraft 1.16 Snapshot 20w21a Custom Dimension & Custom World Generation Support!,10:59,640x360,930713,39538,2000.0,1589994714,20200520,1736489151,2628,,
LvI4FEhO_N8,Hermitcraft VII 916 Wandering Trader Loot & Majestic Castle,22:05,640x360,586756,31629,3300.0,1590156902,20200522,1736489148,2629,,
gmQxucZ-7PY,"Hermitcraft VII 917 Capture, Design, Rebuild & Finish",22:09,640x360,554008,28792,2000.0,1590416103,20200525,1736489145,2629,,
WSa4_ruDbuY,Hermitcraft VII 918 Connecting Neighbors!,20:25,640x360,572145,29838,2100.0,1590687768,20200528,1736489143,2630,,
MA_Z87TbmPc,"Minecraft 1.16 Snapshot 20w22a Villager Changes, Endermen Persistence & Piglin Victory Dance!",12:15,640x360,793904,34228,1900.0,1590771234,20200529,1736489140,2630,,
jOPiPEIT96o,Hermitcraft VII 919 Questions For Grumbot!,21:27,640x360,676226,33263,3200.0,1591020901,20200601,1736489137,2630,,
behgO1ZYgLI,Hermitcraft VII 920 Tag 2 Electric Boogaloo - The Big Finale!,28:08,640x360,615335,32773,2700.0,1591193701,20200603,1736489134,2630,,
YkaS7C7ZH_Q,"Minecraft 1.16 Pre-Release 1 ""Fabulous"" Graphics, Data Pack Dimensions & Neutral Mob Changes",11:22,640x360,1120760,45653,2200.0,1591303712,20200604,1736489131,2631,,
eL00wYoO_II,Hermitcraft VII 921 Priority One - New Storage Tower!,20:01,640x360,565756,29815,2700.0,1591625700,20200608,1736489128,2631,,
OHyCkYt8WzQ,Minecraft 1.16 Pre-Release 3 The Fate Of Two Farms!,9:17,640x360,713677,29886,1500.0,1591813524,20200610,1736489125,2631,,
hfbn7m3JQN4,Hermitcraft VII 922 Slime Head Extraction!,21:16,640x360,594797,29370,3000.0,1591976046,20200612,1736489122,2632,,
btA5hgZ85wQ,Hermitcraft VII 923 Farming Overload!,20:25,640x360,564209,28552,1500.0,1592230501,20200615,1736489119,2632,,
yjuQm3FgywU,"Minecraft 1.16 Pre-Release 4, 5, 6, 7, 8 (The Nether Update Is Getting Close!)",12:41,640x360,582859,29302,1900.0,1592412937,20200617,1736489116,2632,,
lqPKHOFbqgI,Hermitcraft VII 924 Third Time's The Charm (Finishing The Area),20:42,640x360,527474,26474,2500.0,1592576100,20200619,1736489114,2633,,
KCkBNtA1rFs,Minecraft 1.16 Release Candidate 1 - How To Reset The Nether!,7:13,640x360,707635,29158,1900.0,1592655300,20200620,1736489111,2633,,
_7jOB-m3Qt0,Hermitcraft VII 925 Preparing For 1.16 With Turtles!,20:40,640x360,520544,29459,1600.0,1592835301,20200622,1736489108,2633,,
vFhY_8sfxpA,Minecraft 1.16 The New Mobs Of The Nether Update [Minecraft Myth Busting 126],11:24,640x360,380369,19425,3000.0,1592921388,20200623,1736489105,2633,,
jnJFvAOwRSc,Hermitcraft VII 926 Getting Netherite With Beds!,22:50,640x360,670694,34512,3400.0,1593008100,20200624,1736489102,2633,,
Ceft-GtmAGw,Hermitcraft VII 927 Easy Obsidian Farm!,21:42,640x360,962707,39905,9000.0,1593180901,20200626,1736489099,2634,,
3r1QeCsUI8M,Minecraft 1.16 The New Blocks Of The Nether Update [Minecraft Myth Busting 127],13:32,640x360,483509,24680,1100.0,1593350034,20200628,1736489096,2634,,
660L1AmOh2g,Hermitcraft VII 928 Not Another Gold Farm!,21:54,640x360,720779,35408,2300.0,1593440101,20200629,1736489093,2634,,
oFCCYZfgRt4,Minecraft 1.16.2 Snapshot 20w27a Piglin Brute - New Nether Mob!,8:48,640x360,468092,21769,1200.0,1593626775,20200701,1736489090,2634,,
c3Jx2L_UTdo,Hermitcraft VII 929 Piglin Bartering Is OVERPOWERED!,21:48,640x360,608387,30163,1600.0,1593785701,20200703,1736489087,2635,,
a86-mlGmnu4,Minecraft 1.16 Sixteen Nether Update Myths [Minecraft Myth Busting 128],16:15,640x360,615382,25375,2000.0,1593951313,20200705,1736489084,2635,,
SPa8QhmKnbw,Hermitcraft VII 930 Not Your Normal Hoglin Farm!,22:12,640x360,711661,35020,2800.0,1594044900,20200706,1736489082,2635,,
rbIVXXw59h8,"Minecraft 1.16.2 Snapshot 20w28a Custom Everything! Biomes, Structures, Caves & Sky Colors!",12:46,640x360,816359,34978,2600.0,1594238610,20200708,1736489079,2635,,
VjjmIUl3l_8,Hermitcraft VII 931 Mini-Block Marketplace!,26:05,640x360,585736,29091,1800.0,1594390500,20200710,1736489076,2636,,
Z_tYm521TeM,Hermitcraft VII 932 A Game For The Nether Park!,24:48,640x360,557120,35762,2800.0,1594649700,20200713,1736489073,2636,,
CVb9U4Ulo08,Minecraft 1.16.2 Snapshot 20w29a Pillager Salute Patched & Many Bug Fixes!,6:25,640x360,508695,24444,1100.0,1594836038,20200715,1736489070,2636,,
YudpcFquOCY,Hermitcraft VII 933 Capturing Wandering Traders!,24:22,640x360,563215,30319,1700.0,1594995301,20200717,1736489067,2637,,
hsiYhKN_gJw,Hermitcraft VII 934 Nether Feathers!,22:36,640x360,496936,26515,1900.0,1595254502,20200720,1736489064,2637,,
VwLYMczAhtQ,Minecraft 1.16.2 Snapshot 20w30a Waterlogged Lanterns! New Respawn Mechanics,8:54,640x360,517035,26578,1000.0,1595440042,20200722,1736489061,2637,,
FTuRWsld9FM,Hermitcraft VII 935 Leave The Leaves For Me!,23:09,640x360,782819,36629,2700.0,1595513700,20200723,1736489058,2638,,
8Uqd0vEXrfo,"Hermitcraft VII 936 Towers, Roads & Bees!",21:53,640x360,558234,30541,2500.0,1595769060,20200726,1736489055,2638,,
Jqp0r2SBdBM,Hermitcraft VII 937 Nether Hub Complete!,21:11,640x360,557875,29122,1600.0,1595945701,20200728,1736489053,2638,,
QY7hIRqck4w,"Minecraft 1.16.2 Pre-Release 1 - Sideways Chains! Ender Pearl Improvements, New FOV Features!",11:20,640x360,501103,33416,2100.0,1596042433,20200729,1736489050,2638,,
KgZ9EpehUy8,Hermitcraft VII 938 Zoglin Farm & The Hermit Heroes!,20:10,640x360,499523,29123,1300.0,1596204901,20200731,1736489047,2639,,
TP3Qr9HtDH8,Hermitcraft VII 939 Massive Base Expansion!,24:56,640x360,551802,30081,2800.0,1596464101,20200803,1736489044,2639,,
KDRfqU2VkeY,Hermitcraft VII 940 Invitations & Innovations!,22:56,640x360,476041,26772,2200.0,1596723300,20200806,1736489041,2640,,
ejZM9IkJsxk,"Minecraft 1.16.2 Combat Test Snapshot 6 : Cleaving Enchantment, New Bow Mechanics & More!",9:05,640x360,588475,28178,3600.0,1596891610,20200808,1736489038,2640,,
UE9iKXbj5OM,Hermitcraft VII 941 Mega Build Complete! Combo Farm & Target Highscore!,22:24,640x360,493195,26984,1000.0,1597068901,20200810,1736489035,2640,,
L3DcKP_3gsY,Whats New In Minecraft 1.16.2 Java Edition?,11:56,640x360,902531,36551,1700.0,1597163449,20200811,1736489032,2640,,
YlC2Y3C1S2Q,Minecraft 1.16.2 Combat Test Snapshot 7C : Stackable Potions!,8:02,640x360,319096,18956,2200.0,1597416497,20200814,1736489029,2641,,
iiCsAPJy6X8,Hermitcraft VII 942 It Happens Every Season...,21:29,640x360,498622,29262,1600.0,1597493701,20200815,1736489027,2641,,
Cwz3yvGDyzU,Hermitcraft VII 943 Easy Tridents!,22:07,640x360,511508,28679,1800.0,1597760100,20200818,1736489024,2641,,
7BsvKGAMmD0,"Minecraft 1.16.2 Combat Test Snapshot 8B : Faster Liquid Foods, Damage Calculation Changes!",7:29,640x360,362471,19244,2000.0,1598020919,20200821,1736489021,2642,,
7VLYYLtY0AY,Hermitcraft VII 944 Targets Acquired!,22:30,640x360,400685,22662,1200.0,1598098501,20200822,1736489017,2642,,
nyRAD6Uzc1o,Hermitcraft VII 945 The Pink Road!,22:58,640x360,453022,30125,3600.0,1598364903,20200825,1736489014,2642,,
BdQFz3im3rU,Hermitcraft VII 946 Beehold The Globe!,23:16,640x360,501830,27681,2100.0,1598703300,20200829,1736489011,2643,,
kYWla8oGjQo,Hermitcraft VII 947 Its Hunting Season!,23:07,640x360,396904,25191,1700.0,1599056103,20200902,1736489009,2643,,
nMao9suQVX8,"Hermitcraft VII 948 New Game, New Shop, Diamonds!",22:39,640x360,463466,26369,2400.0,1599488102,20200907,1736489006,2644,,
BYO4rV-AcYw,"Hermitcraft VII 949 Globes, Crossbows & Game Breakers!",22:55,640x360,366718,23277,1800.0,1600092900,20200914,1736489003,2645,,
FMu8T8KriQY,Minecraft : Enchanted Shulker Boxes (Inventory Update Suggestions),10:33,640x360,269338,19070,2300.0,1600356791,20200917,1736489000,2646,,
YllWNTFypFs,Hermitcraft VII 950 The Return Of Beesuma?,29:47,640x360,389201,61250,3300.0,1600697703,20200921,1736488997,2646,,
9osqYZ2-3SY,Hermitcraft VII 951 Hermits On The Moon! (Project Complete!),27:26,640x360,392074,25496,2500.0,1601302500,20200928,1736488994,2647,,
fLL0E1e3lFY,Hermitcraft VII 952 The Derp Gets DECKED OUT!,26:52,640x360,388228,25795,2700.0,1601561702,20201001,1736488991,2648,,
HwetMBdsSLI,Minecraft 1.17 : The Caves & Cliffs Update,16:30,640x360,4360042,149824,14000.0,1601756791,20201003,1736488947,2648,,
LCIMkKolfIM,Hermitcraft VII 953 The Hermit Respawn Catcher!,23:15,640x360,446665,27654,1500.0,1601993700,20201006,1736488944,2648,,
tXohiLPDADU,Hermitcraft VII 954 Did You Die?,23:34,640x360,436036,26502,2800.0,1602252908,20201009,1736488941,2649,,
K53HSMBqH7Q,Minecraft 1.17 Update News & 1.16.4 Announced!,9:37,640x360,964513,47115,2300.0,1602425701,20201011,1736488938,2649,,
wuKhkLv6Ado,Hermitcraft VII 955 All The Distractions!,22:10,640x360,404442,25096,1500.0,1602598503,20201013,1736488935,2649,,
BDQlrXLC-4A,Minecraft 1.16.4 Pre-Release 1 Social Interaction Screen + Minecraft 1.17 News!,7:18,640x360,318401,20462,1100.0,1602777758,20201015,1736488932,2650,,
mysNk1ouGcs,"Hermitcraft VII 956 Deals, Runs, Upgrades & Training!",26:32,640x360,430857,24365,2000.0,1602857704,20201016,1736488929,2650,,
lvEP86iUrus,"Hermitcraft VII 957 A Maze, Treasure Hunt & Giant Trophy!",22:35,640x360,428049,24591,1900.0,1603116903,20201019,1736488926,2650,,
u5BB8fij7Uo,Minecraft Java Edition : Get Your Free Cape & Account Migration!,6:37,640x360,699969,30753,5100.0,1603316870,20201021,1736488923,2650,,
tkqq6tsSSu0,Hermitcraft VII 958 Amazing Decked Out Adventures!,25:35,640x360,361714,23533,2800.0,1603462505,20201023,1736488920,2651,,
BqpsycrqTwA,Hermitcraft VII 959 HEP Base Expansion!,20:23,640x360,429577,25998,2300.0,1603725300,20201026,1736488917,2651,,
rOzEtuzFM5M,Minecraft Beta 1.17 : Mountain Goats & Powder Snow!,9:43,640x360,867979,38044,2800.0,1603911423,20201028,1736488914,2651,,
s2J6htwLzSk,Hermitcraft VII 960 Xisuma's New Mega Project!,22:19,640x360,378442,24325,1200.0,1604070903,20201030,1736488910,2652,,
OStwxOqE3No,Whats New In Minecraft 1.16.4 Java Edition?,6:25,640x360,534302,23087,1000.0,1604342409,20201102,1736488907,2652,,
01Cz-9GUHh4,Hermitcraft VII 961 The Great Flattening!,22:45,640x360,455430,25307,1300.0,1604416500,20201103,1736488904,2652,,
qnXKBCiN8nQ,"Minecraft 1.17 Snapshot 20w45a Amethyst Geodes, Bundles, Tinted Glass & Shulker Farming?",22:39,640x360,1131363,51492,5800.0,1604527309,20201104,1736488901,2652,,
VqCvWBxfFLM,Hermitcraft VII 962 The Brewery Blueprint!,22:16,640x360,359214,21666,1000.0,1604675703,20201106,1736488898,2653,,
Hlah6Kor7cA,Hermitcraft VII 963 Powered By Blaze!,22:43,640x360,416865,24575,1100.0,1604934902,20201109,1736488895,2653,,
iSvONP6DkHI,"Minecraft 1.17 Snapshot 20w46a Powder Snow, Freezing Damage & Bundle Preview",14:42,640x360,1049823,50071,4500.0,1605121534,20201111,1736488892,2653,,
E6saVC9e6EQ,Hermitcraft VII 964 Spending Stacks Of Diamonds!,22:59,640x360,435590,25402,1300.0,1605280503,20201113,1736488889,2654,,
JdgtUQjlSjE,Hermitcraft VII 965 Phantastic Phantom Pharming!,23:12,640x360,383858,25536,1600.0,1605539701,20201116,1736488886,2654,,
K2uhf7309IM,Hermitcraft VII 966 Ghast Tickle Chamber!,24:02,640x360,391310,23991,1300.0,1605885303,20201120,1736488883,2655,,
K4K9Bpfu--M,Hermitcraft VII 967 Firing Up The Brewery!,23:21,640x360,360217,21680,1100.0,1606144503,20201123,1736488880,2655,,
VauQr7pDr-E,"Minecraft 1.17 Snapshot 20w48a Dripstone, Stalagmites & Renewable Lava!",15:13,640x360,959257,46896,2900.0,1606330181,20201125,1736488877,2655,,
mu125vw6wsM,Hermitcraft VII 968 Beetrayl,22:47,640x360,372908,22792,1600.0,1606490101,20201127,1736488874,2656,,
Y5-pi0f2saI,Hermitcraft VII 969 Easy Pufferfish Farm,22:00,640x360,377172,22443,1600.0,1606749302,20201130,1736488871,2656,,
Ei_0NiYL-Fg,Minecraft 1.17 Snapshot 20w49a The Sculk Sensor Is Here! Also Dripstone Caves...,13:00,640x360,688011,36191,1800.0,1606940569,20201202,1736488868,2656,,
cvB4L58VyrU,Hermitcraft VII 970 Fishy Failures,22:26,640x360,300961,19169,1200.0,1607094905,20201204,1736488865,2657,,
OGdnjRVFt6M,Hermitcraft VII 971 H.E.P. Mini Game!,30:35,640x360,354973,20698,1700.0,1607354104,20201207,1736488861,2657,,
yWTy7UOMs8g,Hermitcraft VII 972 Setting Up A New Shop!,29:35,640x360,364580,21676,1800.0,1607526904,20201209,1736488858,2657,,
yX1XybNZpjw,Hermitcraft VII 973 Revenge Of The Rabbits,23:41,640x360,327005,24045,1400.0,1607699702,20201211,1736488855,2658,,
LH3fVcaGQ-o,Hermitcraft VII 974 Have I Wasted 200+ Diamonds?,22:07,640x360,363109,20171,1100.0,1607958900,20201214,1736488852,2658,,
Ehv5tH2otFw,Minecraft 1.17 Snapshot 20w51a The Axolotl Has Arrived!,12:14,640x360,730516,38466,2500.0,1608148373,20201216,1736488849,2658,,
jFHOWmzQSSY,Hermitcraft VII 975 Towering Up Again,25:05,640x360,312951,21115,1800.0,1608304501,20201218,1736488846,2659,,
DetZHarx3yg,Hermitcraft VII 976 Automatic Scute Farm!,21:40,640x360,363306,21450,1000.0,1608650103,20201222,1736488843,2659,,
DON05QINAZM,Hermitcraft VII 977 Last Of The Year,23:17,640x360,341864,22938,1500.0,1609082101,20201227,1736488840,2660,,
QZO3sBE5G50,"Hermitcraft VII 978 Slashing Through ""The List""",21:19,640x360,312534,22037,2500.0,1609773304,20210104,1736488837,2661,,
Uufp1iam9BE,Hermitcraft VII 979 End Of The End Crystal,19:50,640x360,304393,19245,1400.0,1610378101,20210111,1736488834,2662,,
4WlrK4I05Rs,Hermitcraft VII 980 Lets Get Musical!,17:15,640x360,279898,32200,1700.0,1610982900,20210118,1736488831,2663,,
P7PncU3lLfI,Minecraft 1.17 Snapshot 21w03a The Glow Lichen & Glow Squid... & Glowing Things!,10:08,640x360,821297,45778,4800.0,1611165071,20210120,1736488828,2663,,
7qr0cRRi8aY,Hermitcraft VII 981 One Hundred Episodes!,31:29,640x360,328813,20988,2200.0,1611587701,20210125,1736488824,2664,,
RD5g08XkMnQ,Hermitcraft VII 982 Race Around The Base!,22:27,640x360,253888,16744,1400.0,1612019700,20210130,1736488821,2665,,
H8PZgqm7fGc,"Minecraft 1.17 Snapshot 21w05a Lush Caves! Dripleaf, Azalea Bushes, Moss & Spore Blossom Added",12:31,640x360,1153917,55696,2900.0,1612387009,20210203,1736488818,2665,,
3WasDFyTs7E,Hermitcraft VII 983 Building Out The Gardens!,22:44,640x360,277176,19293,,1612797301,20210208,1736488815,2666,,
hgVWM54A6bM,Minecraft 1.17 Snapshot 21w06a New Cave Generation & World Height Increased!,11:57,640x360,1804683,80435,9200.0,1612990452,20210210,1736488807,2666,,
s8FCBqkU-Zo,Hermitcraft VII 984 Glazed Garden & Gaudy Guardian!,22:28,640x360,259001,17159,1000.0,1613142903,20210212,1736488804,2667,,
0FmVPXx4adk,Hermitcraft VII 985 Automated Dragons Breath Farm,22:09,640x360,372647,21239,858.0,1613402100,20210215,1736488800,2667,,
9X_poh0E5qg,Minecraft 1.17 Snapshot 21w07a Grimstone & New Ore Generation,12:27,640x360,1350346,74216,6700.0,1613595367,20210217,1736488797,2667,,
l-rs-2UWTbg,Hermitcraft VII 986 The Bee In Aqueeeeee!,22:42,640x360,303785,23263,1800.0,1613920504,20210221,1736488794,2668,,
sW6uZM2u3Nk,Minecraft 1.17 Snapshot 21w08a Deepslate Ores & Enhanced Cave Generation,11:04,640x360,984019,56935,3900.0,1614198848,20210224,1736488791,2668,,
FJuIsBANRQc,Hermitcraft VII 987 Tropical Fish Farm!,22:52,640x360,320956,20187,1100.0,1614525301,20210228,1736488788,2669,,
FvOBWRlrzRA,Hermitcraft VII 988 Aque Expansion & Proximity Audio!,23:41,640x360,398780,24337,2000.0,1615216500,20210308,1736488785,2670,,
m38yVg6rb6w,Minecraft 1.17 Snapshot 21w10a Lush Caves Are Here!,14:20,640x360,1171833,56273,4300.0,1615400465,20210310,1736488782,2670,,
6KLSmTbHksU,Hermitcraft VII 989 The Sheep Are Among Us,22:43,640x360,294027,18583,1500.0,1615734901,20210314,1736488779,2671,,
xI9iGYhnELg,Minecraft 1.17 Snapshot 21w11a Quality Of Life Changes & In-Game Metric Reporting,11:05,640x360,930247,46783,2000.0,1616008228,20210317,1736488776,2671,,
L8QGAZza2xU,"Hermitcraft VII 990 Villagers, Emeralds & Derpfaces!",22:04,640x360,295000,18703,780.0,1616253330,20210320,1736488773,2672,,
EeXSgQH3mIQ,Hermitcraft VII 991 Darthsuma & The Aquatic Acrobatics,22:28,640x360,278548,20145,1400.0,1616612403,20210324,1736488770,2672,,
PDi6L0EuCJ0,Hermitcraft VII 992 A New Home For Pinkpulse!,17:14,640x360,275296,19313,921.0,1617027301,20210329,1736488767,2673,,
80d9BDCWHy0,Minecraft 1.17 Snapshot 21w13a Invisible Light Source Block & Goats!,15:03,640x360,938828,45827,3700.0,1617221089,20210331,1736488764,2673,,
Zau-DaB-tug,Hermitcraft VII 993 Another Kind Of Head Farm,22:05,640x360,292213,18646,771.0,1617372901,20210402,1736488761,2674,,
2zCCr_Qnd5M,Hermitcraft VII 994 Stat Poker With Friends!,27:40,640x360,333368,19470,1000.0,1617632101,20210405,1736488758,2674,,
bltjvIIDiGc,"Minecraft 1.17 Snapshot 21w14a Raw Gold, Iron & Copper (Works With Fortune)",8:06,640x360,1085784,58089,5100.0,1617813725,20210407,1736488755,2674,,
B-7KaKTLX3c,Hermitcraft VII 995 Xisuma The Troll & The Return Of Welsknight?,21:52,640x360,275222,18388,1000.0,1617977701,20210409,1736488752,2675,,
x4zYr8ICqfI,Hermitcraft VII 996 A Community Build Comes To Hermitcraft!,17:26,640x360,285050,18031,1300.0,1618236902,20210412,1736488749,2675,,
x8dP2-vI1lc,Minecraft 1.17 Snapshot 21w15a Caves & Cliffs Split Into Two Parts (Big Announcement),11:43,640x360,790400,38577,5000.0,1618422044,20210414,1736488746,2675,,
A1rJwVHGAME,Hermitcraft VII 997 Embrace The Theatre! So They Said...,19:19,640x360,269495,17675,6100.0,1618582500,20210416,1736488743,2676,,
5AXNERnkt9M,Minecraft 1.17 Snapshot 21w16a Ore Veins & Ice Caves???,11:59,640x360,949264,50559,2700.0,1619036586,20210421,1736488740,2676,,
0EOPDZW2r14,Hermitcraft VII 998 Banner Moo Magic,19:28,640x360,253726,18422,2300.0,1619187300,20210423,1736488737,2677,,
azxJTpjfy0U,Minecraft 1.17 Snapshot 21w17a Noodle Caves & Copper Changes,7:11,640x360,562910,31654,1600.0,1619627325,20210428,1736488733,2677,,
81yvFziXPLY,Hermitcraft VII 999 I've Got Ninety Nine Questions,34:10,640x360,291635,19944,2100.0,1620051300,20210503,1736488730,2678,,
NqazeH3AZHM,"Minecraft 1.17 Snapshot 21w18a Infested Blocks, Ramming Goats & Ore Vein Changes",8:01,640x360,429410,27510,967.0,1620239117,20210505,1736488727,2678,,
VVgaRMj3HaA,Hermitcraft VII 1000  ＥＶＯＬＵＴＩＯＮ,43:21,640x360,525040,53888,6400.0,1620656117,20210510,1736488724,2679,,
DU2lE2nf4SM,Minecraft 1.17 Snapshot 21w19a Removed Features & Java 16,6:34,640x360,488688,26740,2200.0,1620849508,20210512,1736488721,2679,,
tIpoYf1vvgs,"Minecraft 1.17 Snapshot 21w20a Axolotl Love, Visual Fire & Melting Powder Snow",7:17,640x360,407921,25395,619.0,1621450840,20210519,1736488718,2680,,
C3bNTymoyAg,Minecraft 1.17 Update Tier List - All Features Of 1.17 Ranked!,18:39,640x360,386933,20260,2000.0,1621606500,20210521,1736488715,2681,,
ML5gSIjE1YU,Minecraft 1.17 The New Mobs Of The Caves & Cliffs Update [Minecraft Myth Busting 129],11:28,640x360,224533,13010,531.0,1622053061,20210526,1736488712,2681,,
s87ZrnzwPms,"Minecraft 1.17 Pre-Release 1 Flower Pot Azaleas, New Sign Glow & Candles Return!",8:22,640x360,424802,27775,1300.0,1622132569,20210527,1736488709,2682,,
E-4TR43vFrs,Minecraft 1.17 Pre-Release 2 Caves & Cliffs Release Date Confirmed!,3:27,640x360,417096,23746,1100.0,1622484641,20210531,1736488706,2682,,
BBxOTOKpk_U,Minecraft 1.17 Pre-Release 3 Changes To Glow Squid & Axolotl Spawning!,4:45,640x360,305242,19103,595.0,1622568372,20210601,1736488703,2682,,
3rOROUBTbX4,Minecraft 1.17 The New Blocks Of The Caves & Cliffs Update [Minecraft Myth Busting 130],12:03,640x360,365441,23407,722.0,1622654811,20210602,1736488700,2682,,
_my6Lih3MoY,Minecraft 1.17 Seventeen Caves & Cliffs Update Myths [Minecraft Myth Busting 131],17:17,640x360,519303,23143,1300.0,1623165728,20210608,1736488697,2683,,
jjIHvGAGwQ4,"Minecraft 1.17 Vanilla Tweaks! Memes, HD Shields & More!",16:18,640x360,594911,29476,1000.0,1623334501,20210610,1736488694,2684,,
oSy1UxhEOZo,Hermitcraft VII Season Seven World Download For Java & Bedrock,8:54,640x360,454998,23870,2300.0,1623502213,20210612,1736488691,2684,,
MazIia7oM58,Minecraft Create Mod - My Creations With Create Together,20:57,640x360,431594,12662,472.0,1623680101,20210614,1736488688,2684,,
SRCyzJiKEEk,Did Diamond Ore Distribution Change in Minecraft 1.17? [Minecraft Myth Busting 132],6:52,640x360,638375,34846,1800.0,1624013996,20210618,1736488685,2685,,
EJ0DYbaUQTw,"Minecraft 1.17.1 Pre-Release 1 Axolotl Nerf, Rebalancing & Optimizations!",6:18,640x360,260865,16275,970.0,1624031188,20210618,1736488682,2685,,
DmlEBhvn1Sg,Hermitcraft VIII 1001 Season Eight with Xolotl,23:39,640x360,764558,51879,7300.0,1624112114,20210619,1736488679,2685,,
dOLJhf-ArHU,Hermitcraft VIII 1002 The Exploitation Beings!,22:22,640x360,530268,33802,1400.0,1624371301,20210622,1736488676,2685,,
6pptU3jzLz8,Hermitcraft VIII 1003 Xolotl Gets His Wings!,22:38,640x360,518388,33643,1300.0,1624630500,20210625,1736488673,2686,,
4DpAfAt30FI,Hermitcraft VIII 1004 Pumpkins For Profits!,22:10,640x360,499636,31592,1000.0,1624889700,20210628,1736488670,2686,,
_e0jxFngxiQ,Hermitcraft VIII 1005 Doubling Drowned Copper Farm!,22:28,640x360,493542,30750,1400.0,1625148903,20210701,1736488667,2687,,
tTPHIUuZNgc,Hermitcraft VIII 1006 Evil Has Returned... For Good! (pun),22:25,640x360,487779,33900,2300.0,1625408101,20210704,1736488664,2687,,
ED_7cV2BDYc,Hermitcraft VIII 1007 A Deal With The Devil,23:41,640x360,458739,30915,2100.0,1625667300,20210707,1736488661,2687,,
Rw623pvx-qA,Hermitcraft VIII 1008 Evil Empire,22:02,640x360,420464,26566,1300.0,1625926502,20210710,1736488657,2688,,
2zlzn6IuUZc,Minecraft 1.18 Experimental Snapshot 1 - Mob Spawning Changed Forever?,11:33,640x360,770085,42512,3700.0,1626205066,20210713,1736488654,2688,,
Gndsy7sXvDI,Hermitcraft VIII 1009 The Cryptic Letters Of Axolotl-Kind,22:00,640x360,367926,25029,1800.0,1626272101,20210714,1736488651,2688,,
LoL4zLwWppQ,Hermitcraft VIII 1010 Introducing Derpcoin™,22:20,640x360,422531,26406,1400.0,1626704101,20210719,1736488648,2689,,
GI_ZQ4U2Lz8,Hermitcraft VIII 1011 What Would Have Been...,22:30,640x360,423330,25759,1200.0,1627222501,20210725,1736488645,2690,,
SMTjfAZYwG4,Becoming A Traffic Manager! - Mini Motorways,10:45,640x360,116254,8554,677.0,1627395301,20210727,1736488642,2690,,
31WRB2VoRrQ,Hermitcraft VIII 1012 The Worst Place On The Server,22:42,640x360,352928,22815,958.0,1627568101,20210729,1736488639,2691,,
GJ_fb4yjJiY,Hermitcraft VIII 1013 Influencing The Hermits...,22:35,640x360,299323,19840,916.0,1627913700,20210802,1736488595,2691,,
VqGI1Uhq-N0,Hermitcraft VIII 1014 Nether Hub & Base Expansion!,21:54,640x360,348593,20154,634.0,1628259301,20210806,1736488591,2692,,
d98EmqRlKCw,Hermitcraft VIII 1015 - 99% Building - 1% Recording,15:31,640x360,301414,20082,894.0,1628604902,20210810,1736488588,2692,,
0VAvm8D8cKw,Hermitcraft VIII 1016 Powered By ZOGLINS!,22:38,640x360,298647,20343,1000.0,1628864101,20210813,1736488585,2693,,
yIySEsJ5t4E,Hermitcraft VIII 1017 Save The Striders.... Please!,22:58,640x360,278005,19020,803.0,1629214553,20210817,1736488582,2693,,
4UOoMO-D3kY,Hermitcraft VIII 1018 Infinite Moss Blocks!,22:56,640x360,301252,18742,772.0,1629555300,20210821,1736488578,2694,,
z2TJHvnh7rg,Hermitcraft VIII 1019 Villager Mockery!,21:41,640x360,295886,18947,908.0,1630000934,20210826,1736488575,2695,,
KmMbdKhsSDg,Hermitcraft VIII 1020 The Lazy Mans Slime Farm!,22:42,640x360,295992,18611,898.0,1630507627,20210901,1736488572,2695,,
CJ7kpEf8B-Y,Minecraft Account Migration Guide For Java Edition Players!,5:30,640x360,421033,14106,1800.0,1630679279,20210903,1736488569,2696,,
jkd74MDYc9A,Minecraft 1.18 Experimental Snapshots 2-6 + 1.19 News!,12:05,640x360,527929,27897,1000.0,1630851302,20210905,1736488566,2696,,
dVuMm5dkT60,Hermitcraft VIII 1021 A Trip To Hels Kitchen!,22:54,640x360,281644,18434,1300.0,1631024102,20210907,1736488562,2696,,
j66bmKAY9d0,Minecraft 1.18 Experimental Snapshot 7 Elytra Are Changing!,5:21,640x360,370151,21039,1000.0,1631196902,20210909,1736488559,2697,,
VxDPnAdwiFg,Hermitcraft VIII 1022 Staking - A Derpcoin Revolution,22:39,640x360,273032,17603,674.0,1631554251,20210913,1736488556,2697,,
awrzvIWX4UA,Minecraft 1.18 Snapshot 21w37a - Illager Rune Font,14:04,640x360,599679,31872,1300.0,1631735105,20210915,1736488552,2697,,
ioIHRViiCkA,Hermitcraft VIII 1023 Embrace For Profits!,22:29,640x360,246013,15487,657.0,1631888102,20210917,1736488549,2698,,
y9CU3wwIEFI,Hermitcraft VIII 1024 Who's The Coolest Hermit Now?,22:47,640x360,247670,16476,1000.0,1632344181,20210922,1736488546,2698,,
4WEX_ICnZHE,Minecraft 1.18 Snapshot 21w38a Simulation Distance Parity!,8:07,640x360,301206,17181,673.0,1632479526,20210924,1736488543,2699,,
Zc37sHCpmiM,Hermitcraft VIII 1025 Spontaneous Traveling Salesman!,22:04,640x360,185084,13240,642.0,1632838932,20210928,1736488540,2699,,
C99170x1WvY,Minecraft 1.18 Snapshot 21w39a Redesigned Status Effect Layout!,9:28,640x360,350066,20826,777.0,1632942266,20210929,1736488537,2699,,
AsQqjW8sX2Q,Hermitcraft VIII 1026 Employee Of The Month!,22:13,640x360,212417,13832,497.0,1633184101,20211002,1736488533,2700,,
pWj7PE0ffAE,"Minecraft 1.18 Snapshot 21w40a New Biomes, Ore Distribution & Mob Spawning!",10:17,640x360,420232,26139,1200.0,1633630454,20211007,1736488530,2701,,
pbX5c8p9mAs,Minecraft 1.18 Snapshot 21w41a New Cube Map & Texture Changes!,6:36,640x360,407740,23056,530.0,1634148937,20211013,1736488527,2701,,
ZXMgC-HuvIk,Minecraft 1.19 : The Wild Update,12:37,640x360,3931488,108599,6600.0,1634419752,20211016,1736488523,2702,,
5bctdS9OdK0,Minecraft 1.18 Snapshot 21w42a Otherside Music Disc & New Soundtrack!,5:18,640x360,303288,16190,546.0,1634753228,20211020,1736488520,2702,,
2ku3WYt-Nbw,Minecraft 1.19 The New Sculk Blocks,9:19,640x360,727624,25700,1000.0,1634909084,20211022,1736488517,2703,,
xF061fsqG8k,Hermitcraft VIII 1027 Sicksuma Returns!,16:24,640x360,232646,16934,570.0,1635178503,20211025,1736488514,2703,,
RAdXn5n08WI,Minecraft 1.18 Snapshot 21w43a Border Blending Introduced!,8:25,640x360,304272,17869,501.0,1635360617,20211027,1736488510,2703,,
jyWzBQ5RKUo,Hermitcraft VIII 1028 Using Target Blocks To Farm String!,23:49,640x360,220633,14061,609.0,1635603301,20211030,1736488507,2704,,
HHarmff_e1o,Minecraft 1.18 Snapshot 21w44a New Server Listing Feature & Caves Below Y=0,9:28,640x360,317052,16370,601.0,1635969614,20211103,1736488503,2704,,
zJdFibbo4Ew,Hermitcraft VIII 1029 My Base Is Complete Now!,22:03,640x360,222487,14262,570.0,1636298104,20211107,1736488500,2705,,
DoKcWh2piPk,Minecraft 1.18 Pre-Release 1 - The Return Of AMPLIFIED!,8:38,640x360,345840,19221,584.0,1636658456,20211111,1736488497,2706,,
wCVz9qeRKH0,Hermitcraft VIII 1030 Octagon Integration!,24:19,640x360,211428,13305,461.0,1636902903,20211114,1736488493,2706,,
q3m7s5JHlCE,Minecraft 1.18 Pre-Release 2 - IP Address Leak & Java 17,6:00,640x360,219914,13462,388.0,1637093317,20211116,1736488490,2706,,
2EVMX-WUNrM,Hermitcraft VIII 1031 Copper Oxidization Automation!,24:32,640x360,275121,15275,726.0,1637339773,20211119,1736488487,2707,,
bM-lXjtaGkY,Hermitcraft VIII 1032 Undercutting The Copper Competition!,20:46,640x360,226459,13182,411.0,1637853302,20211125,1736488483,2708,,
Eea60GRjjxQ,The Best Way To Find Diamonds In Minecraft 1.20 [Minecraft Myth Busting 133],9:23,640x360,2104324,72743,1800.0,1638295648,20211130,1736488480,2708,,
C6CYy4OfV-8,Minecraft 1.18 Vanilla Tweaks - The Compatibility Update!,9:38,640x360,536127,25042,750.0,1638544500,20211203,1736488477,2709,,
8KbrPgn26V8,Minecraft 1.18.1 Pre-Release 1 - World Fog Changed Forever!,4:15,640x360,267722,13749,511.0,1638618623,20211204,1736488474,2709,,
HkkYit5uprU,Hermitcraft VIII 1033 Sheerious Buisness & The Fading Powers Of Evil X,22:40,640x360,212535,14698,786.0,1638719088,20211205,1736488470,2709,,
s4Yyi-Wxl04,Minecraft 1.18.1 Release Candidate 1 - Save The Bees!,3:05,640x360,188375,10650,290.0,1638905018,20211207,1736488467,2709,,
kj0P6hbkW8s,Minecraft 1.18.1 Release Candidate 2 - Come See The Tadpole From 1.19,2:18,640x360,280552,15134,727.0,1638988540,20211208,1736488464,2709,,
5f1Mq6vr0I0,Minecraft 1.18.1 Critical Security Issue & New Warden Images,4:25,640x360,365223,17762,512.0,1639140278,20211210,1736488461,2710,,
9lVvLFmHVbM,Minecraft 1.20 Chunk Loader (Self Fixing) Tutorial,6:00,640x360,364457,12071,547.0,1639322100,20211212,1736488458,2710,,
M2FHw59f2FY,Hermitcraft VIII 1034 The Death Of Derpcoin,12:39,640x360,231756,17259,846.0,1639494901,20211214,1736488454,2710,,
MWX1ftix9DQ,"Minecraft News: 1,000,000,000,000 Views On Youtube!",11:06,640x360,289823,17780,881.0,1639592504,20211215,1736488451,2710,,
7IEl7zFxUSw,Minecraft 1.19 News: More Warden Previews!,3:25,640x360,284141,17366,567.0,1639840459,20211218,1736488448,2711,,
JfMmxdYvm90,"Minecraft 1.19 Frogs, Tadpoles & New Eggs!",9:31,640x360,589630,21455,1200.0,1640013300,20211220,1736488445,2711,,
W0O46MR6uiQ,Hermitcraft VIII 1035 Final Impact,8:16,640x360,267643,18102,974.0,1640196012,20211222,1736488442,2711,,
GctwVOSpAHU,"Hermitcraft VIII Season Eight World Download For Java, Bedrock & MCWorld",8:10,640x360,293873,15030,1000.0,1640618101,20211227,1736488438,2712,,
ReVQeWSEQwY,"Minecraft 1.19 Froglights - Pearlescent, Verdant & Ochre",6:10,640x360,480827,24922,1500.0,1641469615,20220106,1736488435,2714,,
yo9HrWS_FkE,Minecraft 1.18.2 Snapshot 22w03a Frog Eating Goats & Placefeature Command,8:10,640x360,273375,14910,427.0,1642621212,20220119,1736488432,2715,,
1EH8JQOJW4c,Minecraft 1.19 The Secrets Of The Warden's Development!,8:54,640x360,372294,18963,824.0,1642971635,20220123,1736488429,2716,,
5BYHNDt-_gw,Minecraft 1.19 News : Minecraft Preview & Create World UI,8:05,640x360,292625,16034,411.0,1643740101,20220201,1736488425,2717,,
NMvS27cn9nw,Minecraft 1.18.2 Snapshot 22w05a Two Updates In One Day!,6:32,640x360,355406,18587,384.0,1643828734,20220202,1736488422,2717,,
L-urFoTlLhs,Minecraft News: Account Migration PSA - Time Is Running Out!,5:38,640x360,185084,9948,1600.0,1644070336,20220205,1736488419,2718,,
OXQuqIs_pMk,Minecraft 1.18.2 Snapshot 22w06a Don't Get Two Excited!,5:38,640x360,267544,14703,387.0,1644435002,20220209,1736488416,2718,,
CTT4uqvrQYc,Who Will Be Next? (For Season Nine),3:31,640x360,459015,32972,2800.0,1644759002,20220213,1736488413,2719,,
SPKgsiqhGrQ,Minecraft 1.18.2 Snapshot 22w07a Biome Structure Freedom & Ancient City Preview,3:54,640x360,341974,18883,334.0,1645038816,20220216,1736488410,2719,,
5a4ea6fdFPQ,Minecraft 1.19 Deep Dark Experimental Snapshot 1 - Its All Here!,17:47,640x360,1121927,43534,3000.0,1645144472,20220218,1736488406,2720,,
4J7wO1QyI_k,Minecraft 1.18.2 Pre-Release 1 - New Locate & Structure Features!,4:07,640x360,199229,11024,309.0,1645207997,20220218,1736488403,2720,,
bF-uFr_eAiQ,Minecraft 1.19 Deep Dark Experimental Snapshot - Part 2!,13:14,640x360,523754,29889,1900.0,1645367631,20220220,1736488400,2720,,
PiWbkj9y_ag,Minecraft 1.18.2 Pre-Release 2 - Mangrove Biome Preview!,5:14,640x360,410559,22474,765.0,1645465631,20220221,1736488397,2720,,
K-kFwQppKv8,Minecraft 1.18.2 Release Candidate 1 - All Looks Good To Go!,4:36,640x360,266353,14190,353.0,1645811505,20220225,1736488393,2721,,
VtgPYr8ggcI,Hermitcraft IX 1036 Doom Guy Returns For Season Nine,21:33,640x360,541228,36975,1500.0,1646492413,20220305,1736488390,2722,,
gCp96ehnnG8,Hermitcraft IX 1037 Never Leave The Back Unfinished!,21:59,640x360,404884,24514,827.0,1646666102,20220307,1736488387,2722,,
z1jO2_hkhRs,"Minecraft 1.19 The Allay - Picks Up Items, So You Don't Have To!",8:16,640x360,504610,26203,1900.0,1646863482,20220309,1736488383,2722,,
I7w9l9W1zgM,Hermitcraft IX 1038 I've Got A Stack Of Diamonds To Spend!,21:51,640x360,347852,21262,594.0,1647011701,20220311,1736488380,2723,,
ciV8rzKBiRo,Minecraft 1.19 The Allay Bedrock Beta Part 2!,10:06,640x360,243913,13798,765.0,1647177300,20220313,1736488377,2723,,
9spjoGNFpM4,Hermitcraft IX 1039 Time To Bee Adventurous!,22:20,640x360,339452,20759,531.0,1647275418,20220314,1736488373,2723,,
qhEvBhutq4w,"Minecraft 1.19 Snapshot 22W11A Frogs, Tadpoles, Froglights & More!",15:14,640x360,772526,38060,1700.0,1647463048,20220316,1736488370,2723,,
2U6WG1LEuaA,Hermitcraft IX 1040 Super Fast Nether Farms!,22:09,640x360,347796,28005,676.0,1647625500,20220318,1736488367,2724,,
3RfbynSzS-k,Minecraft 1.19 Snapshot 22W11A - Part 2 - The Copper Horn's Secret,10:03,640x360,411816,23208,692.0,1647789691,20220320,1736488363,2724,,
yGSJJiR67pM,Hermitcraft IX 1041 Zedaph's Challenge & Hasty Mole Mining,22:09,640x360,313709,20160,455.0,1647884701,20220321,1736488360,2724,,
ODxUc1zyEyk,Minecraft 1.19 Boat With Chest & Allay Updated!,8:15,640x360,310735,19635,814.0,1648065967,20220323,1736488357,2724,,
WwfWjtD6r4g,Minecraft 1.19 Snapshot 22W12A Derpy Wardens & Waterlogged Leaves!,11:08,640x360,379913,23359,1100.0,1648152641,20220324,1736488354,2725,,
iieTggw95Ck,Hermitcraft IX 1042 Getting Golden For The Netherite!,21:57,640x360,312922,19669,684.0,1648302739,20220326,1736488350,2725,,
j-38EU9a4hA,Minecraft 1.19 Snapshot 22W13A New Ancient City & The Redstone Secrets Below...,15:21,640x360,475074,25895,1600.0,1648759422,20220331,1736488347,2726,,
8nJEimBe4E0,Minecraft 1.19 Snapshot 22W13oneblockatatime - Inventory Fixed Forever!,8:21,640x360,365973,23816,1100.0,1648835465,20220401,1736488344,2726,,
Zy3jGKuymxM,Hermitcraft IX 1043 Time For An Upgrade!,22:44,640x360,277707,17316,373.0,1648917901,20220402,1736488341,2726,,
RJYaztPFxXw,Minecraft 1.19 How To Best Use The Allay Mob!,11:36,640x360,357654,12606,552.0,1649090700,20220404,1736488337,2726,,
zqUQjczexpY,Hermitcraft IX 1044 Nether Death & Golem Led Redemption,21:23,640x360,264712,17389,384.0,1649263501,20220406,1736488335,2726,,
U8wlmNeTpeI,"Minecraft 1.18 Warped & Crimson, Fungus & Roots Farm",4:49,640x360,123903,5419,175.0,1649436301,20220408,1736488332,2727,,
VTW1YAGeVPo,Minecraft 1.19 Snapshot 22W14A Mangrove Swamp & Recovery Compass,12:52,640x360,369369,21382,1000.0,1649589103,20220410,1736488329,2727,,
7rUT3ZHAOMk,Minecraft 1.19 Snapshot 22W15A SONIC BOOM! The Warden's Ranged Attack,9:06,640x360,402093,26785,1900.0,1649878573,20220413,1736488326,2727,,
BSgbRBBXR-o,Hermitcraft IX 1045 Hermitcraft Has A Secret Feature!,22:47,640x360,279172,18833,639.0,1650041100,20220415,1736488322,2728,,
AmqRmEQJOFc,Hermitcraft IX 1046 Crafty Hiding Places!,21:52,640x360,240174,17265,424.0,1650300301,20220418,1736488319,2728,,
CWPnaBFKmHg,"Minecraft 1.19 Snapshot 22W16A New Record Disc, New Paintings, New Soundtrack!",9:22,640x360,518335,27969,1200.0,1650483333,20220420,1736488316,2728,,
toWEZYjCx-Q,Hermitcraft IX 1047 Calling In The Help Of Friends,21:20,640x360,216232,15451,302.0,1650645903,20220422,1736488313,2729,,
0etx-ZCtN7M,Hermitcraft IX 1048 Pointless Diamonds & Scaffolding Mob Farm,22:12,640x360,306982,18871,527.0,1650903300,20220425,1736488310,2729,,
cNIJDaIkf10,Minecraft 1.19 Snapshot 22W17A The Warden Gets A Drop!,8:31,640x360,464551,27323,1600.0,1651087942,20220427,1736488306,2729,,
-c6CixIQ1U8,"Hermitcraft IX 1049 Xisuma ""ᴀᴄʀᴏss ᴛʜᴇ"" Void",21:57,640x360,221100,15057,269.0,1651248900,20220429,1736488303,2730,,
WA0A4qzZuvU,Hermitcraft IX 1050 Getting My Redstone ON!,21:34,640x360,277419,16614,353.0,1651508103,20220502,1736488300,2730,,
frqjW0Wvkcc,Minecraft 1.19 Snapshot 22W18A Better Allays? Better Attack Beam?,8:55,640x360,241469,15733,710.0,1651691662,20220504,1736488297,2730,,
HShbOErhO3k,Hermitcraft IX 1051 Honey Powered Witch Farm!,21:13,640x360,265632,17168,3000.0,1652112900,20220509,1736488294,2731,,
Hofi07D4MDg,Minecraft 1.19 Snapshot 22W19A Birch Forest & Fireflies! Where Are They?,8:23,640x360,349701,18634,2100.0,1652385971,20220512,1736488290,2732,,
oHn4Kpfo0MQ,Minecraft 1.18.2 Vanilla Tweaks - A Fun & Challenging Update!,9:56,640x360,302634,16563,523.0,1652537702,20220514,1736488287,2732,,
gLhHVuoNpMU,"Hermitcraft IX 1052 The Grand Reveal, My Base For The Season!",29:41,640x360,291118,18217,665.0,1652717566,20220516,1736488284,2732,,
KIOzCgvE4uc,Minecraft 1.19 Pre-Release 1 - Mob Spawn Changes & New Vibrations,7:04,640x360,248312,14772,804.0,1652898081,20220518,1736488281,2732,,
jmnob4M-6K8,"Hermitcraft IX 1053 The Skull, The Spine & The Slimes!",22:09,640x360,236128,15119,451.0,1653228905,20220522,1736488277,2733,,
4bfTl7-MeR4,Minecraft 1.19 Pre-Release 2 - The End Of Portal Farms?,7:05,640x360,285827,15591,899.0,1653332384,20220523,1736488274,2733,,
Yd5XGA65E98,Minecraft 1.19 Pre-Release 3 More New Sculk Vibration Events!,4:34,640x360,178768,10753,1000.0,1653498740,20220525,1736488226,2733,,
9U2j4G-uESs,Hermitcraft IX 1054 A Change Has Begun...,22:26,640x360,227893,14812,672.0,1653668100,20220527,1736488223,2734,,
AvzI0KU2-OY,Minecraft 1.19 Pre-Release 4 Release Date For The Wild Update,2:43,640x360,251685,10679,922.0,1653932153,20220530,1736488219,2734,,
PmlRhs_Ej1M,Hermitcraft IX 1055 Beware The Bones,22:25,640x360,218290,14420,610.0,1654532101,20220606,1736488216,2735,,
YAMHqVL9Gfs,Is Minecraft 1.19 A Disappointment? What Went Wrong With The Wild Update?,8:41,640x360,1278925,66389,8000.0,1654615405,20220607,1736488213,2735,,
Y5u5sVMurzY,Minecraft 1.19.1 Allay Duplication! (Minecraft Preview),6:40,640x360,176448,11701,828.0,1654800366,20220609,1736488210,2736,,
FH_AifOQE68,Minecraft Legends: A New Action Strategy Game for 2023,8:27,640x360,178183,9309,804.0,1655072307,20220612,1736488208,2736,,
sTcAnoNIsA0,Hermitcraft IX 1056 The Bone Mage Rises,22:25,640x360,298425,17634,858.0,1655136902,20220613,1736488205,2736,,
E_934XSMP7A,Minecraft 1.19.1 Snapshot 22W24A New Game & Allay Duplication,8:03,640x360,135607,8556,972.0,1655321340,20220615,1736488201,2736,,
hTsjjs_pBks,Hermitcraft IX 1057 The Greatest Storage System In The Game!,21:39,640x360,397638,17167,660.0,1655561702,20220618,1736488199,2737,,
Dte6XRy-pfY,"Minecraft 1.19.1 Pre-Release 1 Player Bans, Cooldowns & Release Date!",3:47,640x360,125450,7123,1400.0,1655915302,20220622,1736488195,2737,,
s0sFlPMJPKk,Hermitcraft IX 1058 The End Of The Beginning,22:00,640x360,219495,14673,944.0,1656000903,20220623,1736488193,2738,,
bM1YPEYsLDw,The Outrage of Minecraft 1.19.1 and Permanent Bans,8:53,640x360,384247,19676,6800.0,1656527608,20220629,1736488190,2738,,
nhhPH6ObOrM,Hermitcraft IX 1059 Storage Overkill Through Explosive Means!,22:24,640x360,212701,12019,467.0,1656692101,20220701,1736488187,2739,,
CiTFVmbszEk,"Minecraft 1.19.1 Pre-Release 2 You Were Rightly Angered, So I Listened.",8:29,640x360,282689,16879,2600.0,1656857701,20220703,1736488185,2739,,
Xia2vCT06Qo,Hermitcraft IX 1060 How Best To Farm Mangrove Trees?,21:26,640x360,308009,15611,480.0,1657037214,20220705,1736488183,2739,,
7iaXsGKWeCk,"Minecraft 1.19.1 Pre-Release 3 Legends, Tributes & Secrets!",5:47,640x360,473592,24320,1100.0,1657132597,20220706,1736488179,2739,,
EV0zKn9HmFQ,Hermitcraft IX 1061 Allay Adventures & King's Decrees,22:40,640x360,193116,17378,952.0,1657296301,20220708,1736488177,2740,,
NzAJWOZZXyI,"Minecraft 1.19.1 Pre-Release 5 ""On Send"" & ""On Modified""",5:47,640x360,163033,8602,925.0,1657910823,20220715,1736488174,2741,,
DyVcrzxMYfE,Hermitcraft IX 1062 The Insanity Of Zombie Reinforcements,22:03,640x360,260786,15294,443.0,1658160900,20220718,1736488171,2741,,
kWQGt9wfbPk,Minecraft 1.19.1 Pre-Release 6 Sculk Catalyst Nerf & Minecraft NFTs,6:52,640x360,156422,10251,1000.0,1658345499,20220720,1736488168,2741,,
oIxt5CSSC94,An Honest Conversation About The Moderation Update,29:28,640x360,120872,7176,2300.0,1658582357,20220723,1736488165,2742,,
-QwH731ALkw,Hermitcraft IX 1063 Revenge Of The Ice Farm!,22:43,640x360,210419,12834,409.0,1658765700,20220725,1736488163,2742,,
K9qrVwZRCTA,Whats New In Minecraft 1.19.1 - Messages From Inside Mojang,8:29,640x360,176403,9242,2100.0,1658951788,20220727,1736488160,2742,,
9bNEtRFC_K4,Hermitcraft IX 1064 Slow It Down - The Spontaneity Of Server Life,22:40,640x360,192037,13252,849.0,1659111300,20220729,1736488158,2743,,
TPK4cgBvAW4,Hermitcraft IX 1065 The Easiest Froglight Farm Yet?,21:38,640x360,203784,12250,383.0,1659456900,20220802,1736488155,2743,,
zJtJ90Vl03M,"Minecraft 1.20 Should Be ""The Inventory Update""",19:54,640x360,1345457,77735,7400.0,1659716104,20220805,1736488152,2744,,
XbV_rY5u0LY,Hermitcraft IX 1066 An Explosive Encounter!,22:18,640x360,187486,12782,445.0,1659975302,20220808,1736488149,2744,,
IWnijItuwkc,Xisuma TROLLS Chat In the BEST Way,1:09,640x360,130472,8060,188.0,1660210243,20220811,1736488147,2745,,
mqC6nAtB-r4,Hermitcraft IX 1067 CURSED - The Server's Dunce Hat,22:20,640x360,186632,12991,587.0,1660234501,20220811,1736488144,2745,,
rQ13CXrDxDs,"Hermitcraft IX 1068 Trades, Deals, Shards. Who's In The Lead Now?",22:19,640x360,194734,16481,635.0,1660580106,20220815,1736488142,2745,,
8k23giaWP64,Enhance Minecraft With These Vanilla Mods (Minecraft 1.19+),22:32,640x360,1150133,46455,1000.0,1660752900,20220817,1736488139,2745,,
NpOszQWKC8s,Hermitcraft IX 1069 The Show Must Go On,22:30,640x360,197442,15465,433.0,1661004901,20220820,1736488136,2746,,
OXwBaD5hPC4,Hermitcraft IX 1070 The Return & The Curse,21:58,640x360,178026,13135,422.0,1661277381,20220823,1736488133,2746,,
Im22yncnMPo,In Loving Memory - How TFC Joined Hermitcraft,18:11,640x360,608425,33747,1000.0,1661530503,20220826,1736488130,2747,,
JSUaIHkwbjk,Why Cant Mojang Develop Like Modders?,13:01,640x360,267897,18067,1400.0,1661876101,20220830,1736488127,2747,,
RW4lUqRC6Sc,Hermitcraft IX 1071 The Warden & The Crastle,22:17,640x360,167097,13368,450.0,1662480903,20220906,1736488124,2748,,
ceLslNDQwQU,Hermitcraft IX 1072 My Strangest Day On Hermitcraft,16:31,640x360,177584,16003,653.0,1662646501,20220908,1736488121,2749,,
eXZe5Hviuwk,Could They Add Optifine To Minecraft?,10:10,640x360,332764,19601,1000.0,1662905701,20220911,1736488119,2749,,
i3bvW_h2_p8,Hermitcraft IX 1073 Finding My New Aesthetic,22:24,640x360,183383,12180,424.0,1663172102,20220914,1736488115,2749,,
WEnqsqCb34U,Hermitcraft IX 1074 New Minigame For Scar!,21:55,640x360,160825,11913,687.0,1663424102,20220917,1736488113,2750,,
9WoHMCmCoSI,Hermitcraft IX 1075 Grumbot The Generator!,22:51,640x360,196202,13252,452.0,1663863430,20220922,1736488110,2751,,
xJp4GoUbuxY,Hermitcraft IX 1076 This Could Be Evil...,22:32,640x360,164338,11952,421.0,1664295302,20220927,1736488108,2751,,
A6DvnFCW5FY,An Answer To Minecraft’s Inventory Issues?,9:58,640x360,323734,27437,2100.0,1664547300,20220930,1736488105,2752,,
R6ZTOpnHKP4,Minecraft 1.20 : Mob Vote... Clues Clues Clues?,3:34,640x360,178202,10885,740.0,1664821350,20221003,1736488102,2752,,
kJzMlf9gqyE,Hermitcraft IX 1077 Sacrificing Tango & Allay Adventures!,29:07,640x360,168404,10810,445.0,1664900102,20221004,1736488100,2752,,
zPfaUcElZl0,"Minecraft 1.20 : Tuff Golem, Sniffer & Rascal!",5:37,640x360,727105,27860,2900.0,1665076194,20221006,1736488097,2753,,
ifnf-e_FLgA,Hermitcraft IX 1078 Don't Forget To Vote!,20:23,640x360,166684,11988,454.0,1665418826,20221010,1736488095,2753,,
pa4WtpIDR0M,Hermitcraft IX 1079 Hired For Retaliation!,21:28,640x360,138043,11297,252.0,1665677702,20221013,1736488093,2754,,
06N6UYohb3Q,"Minecraft 1.20 : Camels, Raft, Bamboo Blocks & 7 New Avatars!",8:29,640x360,1134230,39809,3100.0,1665865247,20221015,1736488090,2754,,
RizW8XEZNbo,"Minecraft 1.20 Snapshot 22W42A Hanging Signs, Chiselled Bookshelf, Camels & 1.19.3!",15:10,640x360,407372,21830,2400.0,1666207838,20221019,1736488088,2754,,
byIvq1apVKg,Hermitcraft IX 1080 The Idiot Strikes Back,20:21,640x360,152225,9803,260.0,1666361701,20221021,1736488085,2755,,
FUla_e7RlKM,How We Run & Host Hermitcraft,11:56,640x360,929107,43964,770.0,1666534501,20221023,1736488083,2755,,
Z9204h6zzHc,"Minecraft 1.20 Snapshot 22W43A New Skins, Shield Buffs & Flying Pigs!",8:27,640x360,326530,17184,594.0,1666805009,20221026,1736488080,2755,,
UOXuQzk9qUw,Hermitcraft IX 1081 What's On The Otherside?,22:37,640x360,150046,11603,575.0,1666966501,20221028,1736488077,2756,,
dW2ymn8vNso,Leadership Lessons From Hermitcraft,12:38,640x360,227216,14224,255.0,1667142901,20221030,1736488075,2756,,
en1fEXqvFMo,Hermitcraft IX 1082 No Way Back!,20:26,640x360,140169,10964,526.0,1667229302,20221031,1736488071,2756,,
js63kiWGdbo,"Minecraft 1.20 Snapshot 22W44A New Spawn Eggs, Gamerules & Hopper Bookshelves",10:00,640x360,487287,22828,847.0,1667416418,20221102,1736488069,2756,,
bDCw2C1B4so,Hermitcraft IX 1083 A Hermit Empire?,20:15,640x360,214021,14577,524.0,1667574904,20221104,1736488067,2757,,
UXN1OD9PxMY,Hermitcraft's Origin Story,14:05,640x360,266174,17265,664.0,1667747702,20221106,1736488064,2757,,
f4eF7mXCENA,Hermitcraft IX 1084 Hermitopia Gets Industrial!,21:47,640x360,188703,13649,362.0,1667834101,20221107,1736488061,2757,,
Ta_Qv-69NE4,Minecraft 1.20 Snapshot 22W45A New Vex Look! Bamboo Logs & Operator Utilities,9:07,640x360,370850,19065,1100.0,1668020217,20221109,1736488059,2757,,
mhkgVrth4oE,Hermitcraft IX 1085 Pirate Shenanigans,22:02,640x360,139474,10588,409.0,1668093303,20221110,1736488056,2758,,
PyouRilyoLA,Hermitcraft IX 1086 Hermitopia Expansions,21:52,640x360,166132,12210,221.0,1668352501,20221113,1736488054,2758,,
IOsJYSu2hF4,Minecraft 1.20 Snapshot 22W46A Bookshelf Slots! New Mob Head & Spawning Changes,11:04,640x360,295498,18468,1000.0,1668621429,20221116,1736488051,2758,,
7DpHJykBQ0w,Hermitcraft IX 1087 Empire Foundations!,21:14,640x360,164810,12202,337.0,1668698100,20221117,1736488049,2759,,
LREEvWyMejQ,Hermitcraft IX 1088 The Way Back Home!,21:09,640x360,179617,13257,457.0,1668870901,20221119,1736488046,2759,,
md3mEfc8XH4,Hermitcraft IX 1089 Wings Over Gobland!,20:59,640x360,157574,12524,320.0,1669130103,20221122,1736488044,2759,,
w46bU7z3F2Y,Minecraft 1.19.3 Pre-Release 1 Customization Expanded & Bugfixes,8:21,640x360,225609,13832,362.0,1669218758,20221123,1736488042,2759,,
QBJNpphViC4,Hermitcraft IX 1090 Cubfan Must Be Stopped!,21:07,640x360,155704,11040,444.0,1669389301,20221125,1736488039,2760,,
M2d1cQH6Wmk,Minecraft 1.19.3 Pre-Release 2 & 3 New Book Texture & Creeper Ignition,5:20,640x360,221152,12808,363.0,1669824138,20221130,1736488037,2760,,
hTuWMqj5RFE,Minecraft’s Inventory Issues SOLVED !?!?,11:14,640x360,338044,23375,1700.0,1670072774,20221203,1736488034,2761,,
6RKUBsmpb2w,Hermitcraft IX 1091 Hermits Meet Their Fate,19:24,640x360,122840,10811,452.0,1670339064,20221206,1736488032,2761,,
YVT25utC2sk,Whats New In Minecraft 1.19.3? Summary and Separation of Features,9:06,640x360,163563,8933,754.0,1670430065,20221207,1736488029,2761,,
jpJxeDg9daU,Minecraft: Make Your Own Item Swapper Pallets!,4:47,640x360,59934,3189,137.0,1670771701,20221211,1736488026,2762,,
8yaHSjsY0OU,Hermitcraft IX 1092 Pixl's Mega Project & My Own TCG Card!,21:03,640x360,115380,9304,234.0,1670858100,20221212,1736488024,2762,,
kem5Ou8BVE0,Hermitcraft IX 1093 David V - The Copperfield Strikes Back!,20:09,640x360,103322,8472,348.0,1671117302,20221215,1736488022,2763,,
obb1G1tARNI,Hermitcraft IX 1094 A New Nautilus Shell Farm?,21:39,640x360,128155,9930,387.0,1671462901,20221219,1736488019,2763,,
a6hcRr7TS3E,The Ethics Of Modding Minecraft,8:10,640x360,203288,11787,1100.0,1672067700,20221226,1736488016,2764,,
wF1DPtyyF1U,Minecraft 1.19.4 Snapshot 23W03A - Who's Riding Who?,9:05,640x360,191853,12049,474.0,1674071595,20230118,1736488014,2767,,
D20kDklW-uQ,Minecraft 1.20 Snapshot 23W04A - Over 600 Armor Trims,8:43,640x360,1062067,44920,5200.0,1674593195,20230124,1736488011,2768,,
fd0qpbOCo2w,Hermitcraft IX 1095 The Deck Shuffler,21:36,640x360,110107,8551,278.0,1674746101,20230126,1736488009,2769,,
Dh0MGQUppZU,"Minecraft 1.20 Snapshot 23W05A - Its Over 9,000!",8:29,640x360,395823,24288,1200.0,1675280662,20230201,1736488005,2769,,
1iseFRWFPzI,Hermitcraft IX 1096 An Unlikely Source Of Sculk,22:49,640x360,112817,8295,186.0,1675437301,20230203,1736488002,2770,,
gf5YNRAoTcM,Minecraft 1.19.4 Snapshot 23W06A - Total Manipulation!,9:31,640x360,305592,18449,659.0,1675888897,20230208,1736487999,2770,,
tbEsRC3pz3M,Minecraft 1.20 ARCHAEOLOGY - Can You Dig It?,5:46,640x360,413109,23985,1300.0,1676051390,20230210,1736487996,2771,,
dIixz4DAeRk,Hermitcraft IX 1097 Pokesuma Is Up To No Good!,20:16,640x360,107353,7904,264.0,1676128502,20230211,1736487993,2771,,
_WwuhqMEiAU,Minecraft 1.20 THE SNIFFER - Unique Decorative Plants!,4:53,640x360,334536,18253,868.0,1676307437,20230213,1736487990,2771,,
JpsuVNZlo5Q,Minecraft 1.20 CHERRY BLOSSOM - Leaked Secrets & New Biome,4:42,640x360,414614,25422,1400.0,1676411217,20230214,1736487988,2771,,
ChRNG9uoc1s,"Minecraft 1.20 Snapshot 23W07A - Archaeology, Sniffer, Cherry Blossom & More!",18:07,640x360,631686,34501,2400.0,1676497548,20230215,1736487985,2771,,
RpYCs5qz8OY,Armor Trim Analysis: POPULAR but is it GOOD?,10:05,640x360,257385,16670,1700.0,1676646904,20230217,1736487983,2772,,
JusJofkoWvA,Hermitcraft IX 1098 Teamwork Required!,20:55,640x360,148363,11150,265.0,1676819701,20230219,1736487980,2772,,
sNDfqdJ6eWU,Minecraft 1.19.4 Pre-Release 1 New UI Visuals & Potion Changes,8:16,640x360,267046,15893,584.0,1677094661,20230222,1736487978,2772,,
UzJmaXbSvLo,Hermitcraft IX 1099 Overpowered Smeltry!,20:22,640x360,124205,8099,279.0,1677260014,20230224,1736487974,2773,,
eI6yAAyv53c,Minecraft 1.19.4 Pre-Release 2 Update Name? Enhanced Decorative Pots,4:34,640x360,314866,17203,776.0,1677518708,20230227,1736487972,2773,,
F1HfdbJXQdI,Hermitcraft TCG : Play In Your Web Browser With Friends!,11:24,640x360,180930,9236,304.0,1677597300,20230228,1736487969,2773,,
Yf7KwjUDqaI,"Minecraft 1.19.4 Pre-Release 3 New Potion Colours, Trails & Tales Update",8:24,640x360,444606,20453,783.0,1677781458,20230302,1736487967,2774,,
vp5b6oE_V1Y,Hermitcraft IX 1100 Bobbing Berries!,21:07,640x360,104472,7082,179.0,1677942903,20230304,1736487964,2774,,
M8dfLu8es-4,Minecraft 1.19.4 Pre-Release 4 Credits & Attribution Added!,4:20,640x360,228586,12164,205.0,1678293230,20230308,1736487962,2774,,
YAITYYfShjY,"Minecraft 1.19.4 Release Candidates 1,2,3 & Release Date!",2:15,640x360,113401,7226,162.0,1678722256,20230313,1736487959,2775,,
5xey4LAzZIo,Hermitcraft IX 1101 The ULTIMATE Shulker Shell Farm!,23:23,640x360,216405,9500,225.0,1678900087,20230315,1736487912,2775,,
0huNmqOkcrM,Minecraft 1.19.4 Vanilla Tweaks - New Zombies & Spinning Skulls!,9:33,640x360,403991,19615,534.0,1679066100,20230317,1736487909,2776,,
Rg6EqyVrmak,Hermitcraft IX 1102 Boat Racing With Hermits!,21:43,640x360,117109,8202,177.0,1679325303,20230320,1736487907,2776,,
NQ2Ei3Pl-dg,"Minecraft 1.20 Snapshot 23W12A - Trail Ruins, Pitcher Plant & Calibrated Sculk!",18:35,640x360,808878,33611,2000.0,1679524201,20230322,1736487904,2776,,
RfipXGOrMkc,Hermitcraft IX 1103 A Gold Farm Unlike Any Other!,22:27,640x360,124494,8111,225.0,1679757301,20230325,1736487901,2777,,
MfLKHpnWGT8,"Minecraft 1.20 Snapshot 23W13A - A New Boss, Or A Joke?",8:50,640x360,289480,15241,834.0,1680111892,20230329,1736487899,2777,,
to2l1C_t9KQ,Hermitcraft IX 1104 Automated Piglin Bartering!,22:37,640x360,150727,8161,238.0,1680282224,20230331,1736487896,2778,,
Q72rVuT0tc8,Minecraft Snapshot 23W13A_OR_B - The Vote Update!,18:07,640x360,855590,37873,2800.0,1680385886,20230401,1736487893,2778,,
TgIcgakY5zE,Minecraft Snapshot The Vote Update - More Secrets Revealed!,16:24,640x360,376728,21158,1700.0,1680538936,20230403,1736487890,2778,,
aySWtt5kdDM,Minecraft 1.20 Snapshot 23W14A - Quick Play Mode & Refined Sculk Mechanics!,9:35,640x360,470704,19594,926.0,1680716229,20230405,1736487887,2778,,
R0e0Ja6H8gE,Minecraft The Vote Update - How Was It Made?,6:05,640x360,81279,5683,375.0,1680876903,20230407,1736487884,2779,,
GrGIsIS2tjM,"Hermitcraft IX 1105 Cards, Cannons, Cows & iBuy",23:49,640x360,104347,7553,184.0,1681395302,20230413,1736487882,2780,,
uswLcS2u37o,Hermitcraft IX 1106 Eggcellent Engineering - Chicken Farm Overkill!,20:50,640x360,121541,8281,257.0,1681740901,20230417,1736487879,2780,,
zriBIGZwIZA,Minecraft 1.20 Snapshot 23W16A - Sherds & New Trail Structures,9:13,640x360,471578,20534,720.0,1682013790,20230420,1736487876,2781,,
mP4PRFKVTNo,Hermitcraft IX 1107 Creating My Own iBuy Store!,22:01,640x360,125289,8690,297.0,1682345705,20230424,1736487873,2781,,
E1nXwUKsg6Y,"Minecraft 1.20 Snapshot 23W17A - Relic Music Disc, Soundtrack & Glyphs!",9:35,640x360,368521,17512,536.0,1682535621,20230426,1736487871,2781,,
_lwmITWOFqg,"Hermitcraft IX 1108 ""Coding"" With Chat GPT!",21:26,640x360,124610,7925,313.0,1682950502,20230501,1736487868,2782,,
2eLbiImMgcw,Minecraft 1.20 Snapshot 23W18A - I Doubled My FPS! New Lighting Engine,8:08,640x360,363739,21102,699.0,1683133300,20230503,1736487865,2782,,
_6i1cSSSj_g,Hermitcraft IX 1109 A Golden Apple Farm,23:31,640x360,180703,9419,436.0,1683555301,20230508,1736487863,2783,,
nUA92TK7dpM,Minecraft 1.20 Pre-Release 1 - Universal Dying & New Damage Types,8:07,640x360,444667,21030,1000.0,1683739292,20230510,1736487860,2783,,
u_GPrpJsC6M,"Hermitcraft IX 1110 Withers, Redstone, Wings & Chaos!",38:42,640x360,111589,8543,296.0,1683987303,20230513,1736487858,2784,,
c92CJyUDRDs,Minecraft 1.20 Pre-Release 2 - Another 10 Year Bug & 1.20 Seed Cracked!,8:05,640x360,320729,17224,647.0,1684254495,20230516,1736487855,2784,,
We21o1_BRVc,"Minecraft 1.20 Pre-Release 3 - Jump, Levitate, Fall & Speed Running Info",6:28,640x360,183513,11145,471.0,1684505822,20230519,1736487852,2785,,
iuCgXru92K4,Hermitcraft IX 1111 Sort It Out!,20:18,640x360,116524,8271,315.0,1684678503,20230521,1736487849,2785,,
Xy6oWt0qEvs,Minecraft 1.20 Pre-Release 5 - Rejoice! The Pains Of Anvil Death Reduced...,4:11,640x360,162042,9824,340.0,1684856784,20230523,1736487846,2785,,
pOQfqiEdKKw,Minecraft 1.20 Pre-Release 6 - Release Date & New Edition!,5:31,640x360,186273,10507,464.0,1685118519,20230526,1736487844,2786,,
B_kyGcSiiJM,Hermitcraft IX 1112 The Rainbow Road & Communal Deeds,21:30,640x360,119836,8750,216.0,1685283300,20230528,1736487841,2786,,
4zgGcRyhd_E,Minecraft 1.20 Release Candidate 1 - Symbolic Links & Knowledge Book,3:19,640x360,214069,10964,226.0,1685549602,20230531,1736487839,2786,,
pcID9iw6PJA,Hermitcraft IX 1113 EVIL X BOSS BATTLE,33:38,640x360,109816,7595,287.0,1685715302,20230602,1736487836,2787,,
CeGbKMc-qIc,"Minecraft 1.20 Vanilla Tweaks - Record Disc Levels, Less Suspicious & Shards",8:29,640x360,237621,12864,719.0,1686150607,20230607,1736487833,2787,,
bljApjeyJ88,Minecraft PSA - Have You Been Infected? How To Check & Remove!,4:52,640x360,149482,10048,767.0,1686316187,20230609,1736487830,2788,,
-ufSZMnGKBI,THIS VIDEO WAS SUPPOSED TO BE,3:47,640x360,179835,21026,1200.0,1686485700,20230611,1736487827,2788,,
-CfG0vsWPZk,"Whats New In Minecraft 1.20.1 - New Logos, Buttons & Ambiance",4:25,640x360,207728,10144,319.0,1686586272,20230612,1736487825,2788,,
zptGgatAgLQ,Hermitcraft IX 1114 All Four Stages Of Copper Ageing... Automated!,22:51,640x360,105898,6943,197.0,1686838503,20230615,1736487822,2789,,
k35yJYO1PP0,Maximize Your Camel Dash! [Minecraft Myth Busting 134],12:58,640x360,68595,5356,222.0,1688566503,20230705,1736487820,2791,,
0M1r1yOo1so,"The State Of Minecraft: Past, Present & Future",17:40,640x360,229979,13208,1800.0,1689178500,20230712,1736487817,2792,,
Amts5ZqKwyc,Minecraft 1.20.2 Snapshot 23W31A - The Villager Update?,15:08,640x360,484982,21116,3900.0,1691010187,20230802,1736487814,2795,,
CpQMqTpM-Xg,Hermitcraft IX 1115 Infesting HERMITCRAFT With Sculk - How Far Will It Spread?,29:11,640x360,271933,14191,699.0,1691417700,20230807,1736487811,2796,,
Mc9m8LRdGOI,Minecraft 1.20.2 Snapshot 23W32A - New Vibrations & Phishing Attacks!,8:06,640x360,154213,9034,638.0,1691604750,20230809,1736487809,2796,,
lf7HikUIevg,MORE DIAMONDS in 1.20.2 - Big Buff! (MMB 135),5:47,640x360,136527,8808,466.0,1692022503,20230814,1736487806,2797,,
xlPJ-8CwV_Y,Minecraft 1.20.2 Snapshot 23W33A - Player Name & Skin Bans + Quick Play!,10:51,640x360,233090,11841,1700.0,1692297563,20230817,1736487803,2798,,
65pNThTy3tA,Marketing Minecraft - A Strain On The Game?,9:01,640x360,97634,7117,895.0,1692627300,20230821,1736487801,2798,,
EDMrgFTzL7Y,Hermitcraft IX 1116 BEDWARS on HERMITCRAFT - Build It And They Shall Come!,23:02,640x360,177243,11671,506.0,1692802850,20230823,1736487797,2798,,
mohMVyoWoDo,Minecraft 1.20.2 Snapshot 23W35A - Mob Reach Nerf & Mojang PSA!,3:59,640x360,125007,7124,276.0,1693411229,20230830,1736487795,2799,,
YpPaL814rYA,Hermitcraft IX 1117 Beautiful Boxes! - My ULTIMATE Storage System,15:51,640x360,86611,6544,322.0,1693837496,20230904,1736487792,2800,,
C0VqS8ioyqs,"Minecraft 1.20.2 Pre-Release 1 - New Maps, Gamerule & Villager Trades!",12:31,640x360,293260,15863,2200.0,1693945173,20230905,1736487790,2800,,
OIvmWigdkX8,The Best Way To Age Copper? - Decked Out 2! - Hermitcraft IX 1118,20:40,640x360,87022,7580,442.0,1694351084,20230910,1736487787,2801,,
6XiOObq0hcA,Minecraft 1.21: What The Villager Rebalance Needs.,8:17,640x360,96504,6624,1100.0,1694536647,20230912,1736487785,2801,,
gLX9hOAjQrY,Minecraft 1.20.2 Release Candidate 1 - Mob Vote & Minecraft Live!,8:02,640x360,134662,7272,547.0,1694797334,20230915,1736487782,2802,,
SePMrGjCLbQ,Hermitcraft IX 1119 THE BUTT CLENCHER - How Am I Alive?,23:40,640x360,93492,8462,408.0,1695061482,20230918,1736487779,2802,,
qAZnzaE1Nl4,Hermitcraft IX 1120 Juicing Decked Out - X In Trouble?,17:37,640x360,69111,5339,287.0,1695471304,20230923,1736487777,2803,,
YsgmZR1a7oo,"Minecraft News : Rejoice, The Wiki Has Moved!",4:49,640x360,93310,7635,419.0,1695589496,20230924,1736487774,2803,,
4uhNzlvdQWA,Hermitcraft IX 1121 Two Player Run! - My Very Own Dungeon Lackey,31:02,640x360,145720,12698,579.0,1695925990,20230928,1736487772,2804,,
yKutZtSNDEA,Minecraft 1.21 Mob Vote... The CRAB!,4:02,640x360,234112,12852,1600.0,1696351404,20231003,1736487769,2804,,
tz7P_mc-loA,Minecraft 1.21 Mob Vote... ARMADILLO!,3:35,640x360,191365,10587,1600.0,1696437434,20231004,1736487767,2804,,
4HH61UK7yYk,Minecraft 1.21 Mob Vote... PENGUIN!,3:52,640x360,148576,8410,1500.0,1696525511,20231005,1736487764,2805,,
4UBvmaHXGRo,Minecraft 1.20.3 Snapshot 23W40A | Shield Movement Changes!,5:03,640x360,133545,6987,443.0,1696605073,20231006,1736487761,2805,,
IMklAONx62M,Hermitcraft IX 1122 Death Streak & Admin Upgrades,23:05,640x360,94852,6248,515.0,1696858615,20231009,1736487759,2805,,
cpuHr8vMwS0,Minecraft 1.20.3 Snapshot 23W41A | New Redstone | Decorated Pots Hold Items!,9:06,640x360,237755,14907,1100.0,1697047585,20231011,1736487756,2805,,
vJa4sKVXy4I,"Minecraft 1.21 : Automated Crafting, The Breeze, Trial Chamber & Copper Bulbs!",14:04,640x360,732528,31960,3300.0,1697402871,20231015,1736487753,2806,,
_ZqxkGEn8rM,Minecraft 1.21 : How The Crafter Changes Minecraft,15:27,640x360,522241,23148,2400.0,1697544151,20231017,1736487751,2806,,
dKoTf5iZWtU,Minecraft 1.20.3 Snapshot 23W42A | Experimental Crafter Added | Better Rockets!,11:50,640x360,435195,19477,1300.0,1697654146,20231018,1736487748,2806,,
Tw7w4YhrYJU,My Thriving Metropolis | Cities Skylines II (01) #ad,24:09,640x360,75659,4255,173.0,1697820388,20231020,1736487745,2807,,
9pV61bnD5As,Rope Buddies Leading The Way | Hermitcraft plays Vault Hunters (01),20:12,640x360,67637,5014,231.0,1697984100,20231022,1736487743,2807,,
_tNd3GoHHIg,"Minecraft 1.20.3 Snapshot 23W43A | New Bats, New Blocks | Copper Bulb & Grate!",17:02,640x360,369568,20486,1900.0,1698265634,20231025,1736487740,2807,,
n3FjFysoUc4,Fields Of Specialization | Cities Skylines II (02),22:55,640x360,33371,2268,98.0,1698327717,20231026,1736487736,2808,,
Rp_pmWnZbDU,Minecraft 1.21 | Easy Crafting Automation | Universal Crafter Module (Tutorial),9:50,640x360,164876,6820,248.0,1698506144,20231028,1736487734,2808,,
gQEM-gUQlPQ,Our Citizens Love Buses | Cities Skylines II (03),22:15,640x360,32901,2222,68.0,1698678904,20231030,1736487730,2808,,
Npuh9GuRw2Y,Minecraft 1.20.3 Snapshot 23W44A | New Textures & Spookymode!,5:57,640x360,177634,11199,439.0,1698863053,20231101,1736487728,2808,,
yuZNuxegyTw,Developing Density | Cities Skylines II (04),22:37,640x360,25246,2054,79.0,1698938104,20231102,1736487725,2809,,
mjXlLs5ktIY,"Building ""The Line"" In Cities Skylines II",33:00,640x360,40312,2504,169.0,1699110905,20231104,1736487722,2809,,
PRW3YBYvCBs,Minecraft 1.21 | Dried Kelp Block Crafter | Tile-able Refueling XP & Fuel Farm,7:07,640x360,214945,7679,298.0,1699288050,20231106,1736487720,2809,,
tiRkfj0MFrg,Minecraft 1.21 | The Key | Trial Chamber Preview,6:06,640x360,260828,13461,751.0,1699367884,20231107,1736487716,2809,,
5bInUPcunz8,Minecraft 1.20.3 Snapshot 23W45A | Trial Chambers & Breeze Added!,23:19,640x360,302973,16324,1100.0,1699480297,20231108,1736487714,2809,,
9f4aZ01h6HA,Minecraft 1.21 | Trial Chambers | Structural Deep Dive!,12:49,640x360,81673,5295,259.0,1699629301,20231110,1736487711,2810,,
Og-lGFKjoYk,Sea Walls For The Port! | Cities Skylines II (05),22:03,640x360,25445,1538,60.0,1699715700,20231111,1736487709,2810,,
L1OMfkRvALY,Minecraft 1.21 | Lights Out With Copper Bulbs!,12:54,640x360,123112,6767,173.0,1699888501,20231113,1736487706,2810,,
kHwbB41yyuE,Minecraft 1.20.3 Snapshot 23W46A | New Blocks Nerfed | Waterlogged Grates!,10:06,640x360,321084,15543,1100.0,1700162713,20231116,1736487703,2811,,
XUJyjmjqneI,City Connection Expansion | Cities Skylines II (06),21:06,640x360,17437,1218,39.0,1700234101,20231117,1736487701,2811,,
cZvMfKxqblc,Minecraft 1.21 | Redstone Adventures! | Kelp Smelter Rebuttal,11:59,640x360,48973,3340,73.0,1700493305,20231120,1736487698,2811,,
_g60oLIC_Co,Minecraft 1.20.3 Pre-Release 1&2 | New Breeze Abilities | Server Resource Pack Features,8:26,640x360,151109,8134,477.0,1700672957,20231122,1736487695,2811,,
yU5__-JSH4I,Endless Garbage!!! | Cities Skylines II (07),25:26,640x360,19957,1229,61.0,1700925303,20231125,1736487693,2812,,
o_ZHAj2oraY,Hermitcraft IX 1123 My Own Guardian Angel!,31:55,640x360,48438,4029,110.0,1701184503,20231128,1736487690,2812,,
suI5lKDNecM,Minecraft 1.20.3 Release Candidate 1 - Release Next Week & Copper Changes,2:02,640x360,83620,5005,226.0,1701371080,20231130,1736487688,2813,,
7taTUckeQp4,Minecraft 1.21 | Autocraft All Wood Blocks From A Single Farm,12:51,640x360,56173,3337,104.0,1701789300,20231205,1736487685,2813,,
TyCHyxuw1aM,"Hermitcraft IX 1124 Finally, The Base Is Finished!",20:20,640x360,62218,4980,204.0,1701962101,20231207,1736487682,2814,,
MVuihSpNuT8,Minecraft 1.21 | Easiest Slime Farm | For A Casual Players Needs,6:13,640x360,80420,3080,98.0,1702134901,20231209,1736487680,2814,,
h6d7ohleWjg,Hermitcraft IX 1125 Student & Master!,23:23,640x360,35756,3315,99.0,1702307702,20231211,1736487676,2814,,
fsTlxk4zFgk,Minecraft 1.21 | Armadillo & Wolf Armor is Here!,9:58,640x360,295115,13433,1400.0,1702496043,20231213,1736487674,2814,,
XEmZFp9OFeE,Hermitcraft IX 1126 All Good Things Come To An End...,41:51,640x360,206796,11204,891.0,1702666814,20231215,1736487670,2815,,
W0eHlzpms5I,"Minecraft 1.20.5 Snapshot 23W51A | Reach, Scale & Step Attributes | Armadillo On Java!",12:07,640x360,240125,12262,955.0,1702924522,20231218,1736487667,2815,,
ap363aMBtQI,"Hermitcraft IX 1127 Boats, Battles & Bins! Games Masters' Showdown!",53:54,640x360,64507,4343,152.0,1703258100,20231222,1736487664,2816,,
K7QXFbBHCX4,Hermitcraft IX World Download | Public Server | Decked Out,11:36,640x360,190577,10862,582.0,1703410340,20231224,1736487661,2816,,
Tk2XZ7RlSa0,Hermit's Season 9 stories told through STATS!,11:37,640x360,475435,30128,906.0,1704726903,20240108,1736487657,2818,,
wE4bvwMnXXQ,Minecraft 1.20.5 Snapshot 24W03A | Spawn Chunks Gamerule | Armadillo & Wolf New Looks!,9:05,640x360,168751,9787,839.0,1705521169,20240117,1736487654,2819,,
D5iOKwKGbzg,Decked Out Supercut: Silly Xisuma Noises...,2:41,640x360,36157,4511,255.0,1705756155,20240120,1736487651,2820,,
afER93e6q20,Minecraft 1.20.5 Snapshot 24W04A | Armadillo Blocks Damage | Transfer Players,6:42,640x360,105630,6461,387.0,1706120681,20240124,1736487647,2820,,
VblnDdo8Jyc,"Minecraft 1.21 | Trial Key Use, The Trial Vault Block",3:39,640x360,333929,8732,632.0,1706291705,20240126,1736487644,2821,,
DmkbR_haTCQ,Minecraft 1.20.5 Snapshot 24W05A | Vault Block - How It Works!,8:21,640x360,148527,8592,759.0,1706725253,20240131,1736487640,2821,,
PZJt8Nf_SxI,Hermitcraft X 1128 A Half-Hearted Brush With Death,20:31,640x360,268443,18661,645.0,1706961620,20240203,1736487637,2822,,
0UosZbCs2e8,Hermitcraft X 1129 An Attempt On My Life!,20:42,640x360,187235,13569,359.0,1707146100,20240205,1736487319,2822,,
QoTWJwd0YPs,"Minecraft 1.20.5 Snapshot 24W06A | Wind Charge, A New Projectile Attack!",12:20,640x360,232707,11734,852.0,1707332783,20240207,1736487316,2822,,
f8NvGGiPqEI,Hermitcraft X 1130 Doomguy Demise'd,20:53,640x360,216235,14333,571.0,1707405302,20240208,1736487313,2823,,
6XUvKndy2sc,Hermitcraft X 1131 The Pufferfish Reaper Strikes!,20:55,640x360,169961,11845,354.0,1707578100,20240210,1736487310,2823,,
9abyzXZ0p9I,"Hermitcraft X 1132 Pranks, Bees & Beautiful Interiors!",20:39,640x360,155027,11764,351.0,1707750900,20240212,1736487307,2823,,
mJjNAJZp33k,"Minecraft 1.20.5 Snapshot 24W07A | The Bogged, A Swampy Skeleton!",6:52,640x360,279977,16475,1100.0,1707932764,20240214,1736487304,2823,,
uaGBpm-u2qw,Hermitcraft X 1133 Heavy Metal Wither!,20:14,640x360,161121,11653,461.0,1708010105,20240215,1736487301,2824,,
E02gG8eVACo,Hermitcraft X 1134 Second Temple Rises!,20:30,640x360,164077,10945,496.0,1708176374,20240217,1736487297,2824,,
nSlWbSiQEBo,"Hermitcraft X 1135 Idiots, Pearls & Portals!",20:31,640x360,161494,11501,306.0,1708355702,20240219,1736487294,2824,,
AOw9usP-rKg,Minecraft Add-Ons: Does Bedrock Now Have Mods?,8:18,640x360,258622,8526,1000.0,1708466541,20240220,1736487291,2824,,
dRg2eLFvxTo,Hermitcraft X 1136 Gimme Gimme Shulker Boxes!!!,20:43,640x360,135310,10694,370.0,1708535702,20240221,1736487288,2824,,
Pqha3EgFnrA,Hermitcraft X 1137 Nether Sheep In The Nether!,20:39,640x360,168936,12081,505.0,1708874101,20240225,1736487285,2825,,
xVz_8azbYuY,Hermitcraft X 1138 The Greatest Hermit Permit?,20:34,640x360,243902,14983,421.0,1709046908,20240227,1736487282,2825,,
oo128KZu3Xc,Minecraft 1.20.5 Snapshot 24W09A | Dyeable Wolf Armor & Sheer'd Bogged!,9:52,640x360,190729,11832,832.0,1709143949,20240228,1736487279,2825,,
AgdBdLS5iN8,Hermitcraft X 1139 A Stable Committee?,20:53,640x360,180310,13157,264.0,1709306100,20240301,1736487276,2826,,
cUfTlbO2Tgg,Hermitcraft X 1140 Upgrading Shulkers & Making Diamonds!,20:24,640x360,165893,11750,434.0,1709565301,20240304,1736487273,2826,,
n8TT7PfuzRA,Minecraft 1.20.5 Snapshot 24W10A | 8 New Wolves & Custom Banners!,8:29,640x360,444492,26729,2100.0,1709747254,20240306,1736487270,2826,,
kLqBM0oaq-o,Hermitcraft X 1141 Shooting The New Guy!,20:57,640x360,176028,13098,261.0,1709824503,20240307,1736487267,2827,,
Hm3Au7hPA0o,Hermitcraft X 1142 Farming Mobs & Teaching Tango!,20:50,640x360,167475,11427,459.0,1709997300,20240309,1736487264,2827,,
wBRsA_vACq4,Hermitcraft X 1143 Beeralis! Books & A New Shulker Farm!,20:28,640x360,170726,12362,381.0,1710170104,20240311,1736487261,2827,,
-HxIm1iVUkI,Hermitcraft X 1144 A Diamond Sales Competition Begins!,20:53,640x360,185787,12721,455.0,1710343722,20240313,1736487258,2827,,
EXnxvqI7xP4,"Minecraft 1.20.5 Snapshot 24W11A | The Mace, A New Minecraft Weapon!",11:17,640x360,491178,26026,2200.0,1710443654,20240314,1736487255,2828,,
1dsWPYSb_iE,Hermitcraft X 1145 Signing Up Hermits!,20:55,640x360,182627,12297,355.0,1710524762,20240315,1736487252,2828,,
Vc2xzrDvnIk,Hermitcraft X 1146 Hermits In A Cave,20:54,640x360,166172,13982,1000.0,1710774903,20240318,1736487249,2828,,
F0IN633k65w,Minecraft 1.20.5 Snapshot 24W12A | Custom Stack Size & Trial Chamber Map!,9:04,640x360,230127,13624,737.0,1710959112,20240320,1736487246,2828,,
bbHVUOJjntA,Hermitcraft X 1147 Logland Rises!,20:12,640x360,155887,11501,309.0,1711034101,20240321,1736487243,2829,,
GSfNsEWbLpo,Hermitcraft X 1148 Trophies In The Mail... Or Not?,20:48,640x360,147516,10420,318.0,1711206902,20240323,1736487240,2829,,
LnV0gB0JdsQ,Hermitcraft X 1149 Base Expansion & Witchy Business,20:49,640x360,148302,10414,448.0,1711379701,20240325,1736487237,2829,,
Yvgqa6FCry0,Hermitcraft Is Now On The Minecraft Marketplace!,5:33,640x360,215450,10627,1000.0,1711478498,20240326,1736487234,2829,,
wvYvER5HW4Y,"Minecraft 1.20.5 Snapshot 24W13A | New Enchantments, Potions & Ominous Loot!",15:24,640x360,662055,30810,2600.0,1711569283,20240327,1736487231,2829,,
SDImr2hVpDY,"Hermitcraft X 1150 Diamond Block, The New Currency?",20:47,640x360,157582,10777,418.0,1711638902,20240328,1736487228,2830,,
y-xXP4I63DU,Hermitcraft X 1151 Crafting Automation & Colorful Explosives!,20:53,640x360,134910,9360,190.0,1711894505,20240331,1736487225,2830,,
s_VWNUJ3bEs,Minecraft 1.21 Snapshot 24W14potato | The Poisonous Potato Update!,21:54,640x360,600795,24994,2200.0,1711994617,20240401,1736487222,2830,,
-xn_yF9dPY0,Hermitcraft X 1152 Self Sustaining Bonemeal Silo!,20:17,640x360,134868,9446,297.0,1712153323,20240403,1736487219,2830,,
SJJESKgoOBE,Minecraft 1.20.5 Snapshot 24W14A | Projectile Changes & More Potato Goodness!,12:15,640x360,315507,15102,810.0,1712231716,20240404,1736487216,2831,,
EIs-TwXYv_c,Hermitcraft X 1153 How Could This Go Wrong?,28:25,640x360,238139,17271,489.0,1712326500,20240405,1736487213,2831,,
BuOIpRFtlWs,Hermitcraft X 1154 A Rooted Success!,21:11,640x360,162294,11641,300.0,1712585700,20240408,1736487209,2831,,
LEafUssDezw,Minecraft 1.20.5 Pre-Release 1 | New Trial Chamber Room | Potion Tweaks,8:43,640x360,196441,10591,359.0,1712768596,20240410,1736487206,2831,,
DkzcLZuhjc4,Hermitcraft X 1155 Speedy Click Secrets Revealed!,20:21,640x360,162706,11882,1100.0,1712850720,20240411,1736487203,2832,,
ebj1sOpwsaE,Minecraft 1.21 | Super Simple Honey Block Elevator | Simple & Easy!,6:34,640x360,86697,5978,193.0,1712938458,20240412,1736487200,2832,,
hACWGo46iZo,Hermitcraft X 1156 Custom Trophies & Wool Street Wolves!,21:16,640x360,150946,10517,323.0,1713117362,20240414,1736487197,2832,,
_oVuWoVPGio,Minecraft 1.20.5 Pre-Release 2 & Experimental Paintings News!,5:09,640x360,126033,7992,296.0,1713197347,20240415,1736487194,2832,,
xo1B7trQqpw,Hermitcraft X 1157 Pacified Opponents & Mission Possible!,20:46,640x360,136537,10083,216.0,1713363734,20240417,1736487191,2832,,
Skk58PK4zCM,Minecraft 1.20.5 Release Candidate 1 | Release Next Week & Experimental Home Page,3:48,640x360,144609,7490,172.0,1713450680,20240418,1736487188,2833,,
dzqi-owm6qw,Hermitcraft X 1158 The Wolf Of Wool Street!,20:09,640x360,122135,9312,368.0,1713708902,20240421,1736487185,2833,,
F43Mxk6mhbQ,"Minecraft 1.20.5 Vanilla Tweaks | Golden Savanna, Variated Villagers & More",10:18,640x360,242561,13273,602.0,1713886001,20240423,1736487182,2833,,
i8l6HCdunsA,Hermitcraft X 1159 So Many Shenanigans!,22:10,640x360,118473,10053,388.0,1714054503,20240425,1736487179,2834,,
PkOgh5Cp_Q8,Minecraft 1.21 News | 3 Music Discs & 1.21 Soundtrack!,6:21,640x360,249954,12378,549.0,1714154948,20240426,1736487176,2834,,
fSh8q0b4m4g,Hermitcraft X 1160 Off To The MCC I Go!,20:31,640x360,116362,8588,315.0,1714486503,20240430,1736487173,2834,,
3Ar2DuVXu2M,Minecraft 1.21 News | Fifteen New Paintings by Kristoffer Zetterstrand,9:40,640x360,137340,8842,473.0,1714587827,20240501,1736487170,2834,,
YNcQVodsMe4,Hermitcraft X 1161 That's No Fish!,20:48,640x360,112396,8763,285.0,1714673875,20240502,1736487167,2835,,
02BUCG85lGk,Minecraft 1.21 Snapshot 24W18A | Add Your Own Paintings & New Enchantment System,10:05,640x360,287679,13438,500.0,1714824227,20240504,1736487163,2835,,
eaIXFYf_v8U,Hermitcraft X 1162 Dolphins Can Fly & Wither Rose Farm,23:38,640x360,117894,8703,298.0,1715091117,20240507,1736487160,2835,,
-ZKhmIx4tps,Minecraft 1.21 Snapshot 24W19A | New Creepy Cave Sounds & Mace Re-balancing,8:03,640x360,156920,9061,748.0,1715357731,20240510,1736487157,2836,,
sSDKEtKVmF0,Hermitcraft X 1163 A Staircase To Heaven!,22:48,640x360,126560,9467,405.0,1715609708,20240513,1736487154,2836,,
Uzbkvu3dcuE,Minecraft 1.21 Snapshot 24W20A | New Piston Sounds & Redstone Buff!,6:05,640x360,192035,11233,1300.0,1715790898,20240515,1736487151,2836,,
92TsMAJz-Hg,Minecraft Turns 15! Free Capes & How To Get Them,7:13,640x360,405998,12721,780.0,1715970600,20240517,1736487148,2837,,
J60RzfN5Eio,Hermitcraft X 1164 Pig & Pickles,21:17,640x360,116829,8882,287.0,1716214500,20240520,1736487145,2837,,
Jpqy3Cc3opA,Minecraft 1.21 Snapshot 24W21A | Data Driven Jukeboxes & New Gamerule,9:25,640x360,123088,7876,423.0,1716399275,20240522,1736487142,2837,,
T_YBDWlnRsE,Hermitcraft X 1165 Autocrafting... Leveled UP!,23:12,640x360,110998,7768,276.0,1716819303,20240527,1736487139,2838,,
cLr-0fHbbKo,"Minecraft 1.21 Pre Release 1 Auto Block Breaking, Boat Leashing & Portal Pearls!",10:14,640x360,191240,10549,465.0,1717099799,20240530,1736487136,2839,,
NIrfD0paOjU,Minecraft 1.21 Pre Release 2 Rarity Changes & End Crystal Oddities,4:20,640x360,110657,7156,198.0,1717175252,20240531,1736487133,2839,,
L0jLbYlPuY8,"Hermitcraft X 1166 Your Questions, My Answers",24:42,640x360,87069,7038,360.0,1717424102,20240603,1736487130,2839,,
2a3PHjALSw4,Minecraft 1.21 Pre Release 3 Wind Burst Jump Boost & Boat Fixes,3:34,640x360,91096,6091,216.0,1717588362,20240605,1736487127,2839,,
CwSsDPrla3A,Hermitcraft X 1167 Stealing Eggs & Helping The Doctor!,30:01,640x360,104659,7438,274.0,1717768263,20240607,1736487124,2840,,
dq4wVVl34-E,Minecraft 1.21 Pre Release 4 Fire Protection & Blast Protection Nerfed,4:21,640x360,113256,6648,879.0,1717842497,20240608,1736487121,2840,,
xG-RKg1t6mo,Minecraft 1.21 Release Candidate 1 | Mojang Undo Changes + Concept Art,2:11,640x360,138123,7221,320.0,1718211523,20240612,1736487118,2840,,
BwINW7CWWMM,"Minecraft 1.21 Vanilla Tweaks | Pride Hearts, 3D Mace & Custom Haunches",7:23,640x360,127175,8657,1400.0,1718373534,20240614,1736487114,2841,,
TPAwxtcjT-I,I'm In Big Trouble With The Poe Poe! | Hermitcraft X 1168,20:31,640x360,145676,9917,433.0,1718450529,20240615,1736487111,2841,,
WsZiUS1E3X0,My Massive Copper Shop | Hermitcraft X 1169,21:11,640x360,129379,9711,318.0,1719325702,20240625,1736487108,2842,,
3mSVq6lqxz4,I've Automated Copper Ageing | Hermitcraft X 1170,23:43,640x360,135094,9635,461.0,1719843300,20240701,1736487105,2843,,
wUZ0Ls0HnI4,Minecraft 1.21 Vanilla Tweaks Data Packs | Mini Blocks & Husks Drop Sand,9:51,640x360,150469,7988,531.0,1720102135,20240704,1736487102,2844,,
x5sFrySkJRQ,I've Added Copper Golems To The Server | Hermitcraft X 1171 #ad,25:12,640x360,199792,11936,520.0,1720275631,20240706,1736487099,2844,,
ArRVdiGnDWU,We Can Automate Terracotta & More | Hermitcraft X 1172,21:31,640x360,117615,8617,368.0,1720624002,20240710,1736487096,2844,,
_QK9ah8uf_A,My Best Build Ever? | Hermitcraft X 1173,23:28,640x360,118810,8856,395.0,1721052901,20240715,1736487093,2845,,
oHb31qyTFpU,I Updated The Server to 1.21 | Hermitcraft X 1174,20:38,640x360,138126,9187,447.0,1721312148,20240718,1736487090,2846,,
dXg37QVLG6o,I've Automated Ominous Keys & Bottles | Hermitcraft X 1175 #ad,22:37,640x360,156647,10010,676.0,1721831449,20240724,1736487087,2846,,
q6OjXkQtREY,Impulse Prank & Cobweb Farm | Hermitcraft X 1176,23:04,640x360,105716,8108,475.0,1722262503,20240729,1736487084,2847,,
nPu3KoyR7j4,Where Hermits Go To Die | Hermitcraft X 1177,32:43,640x360,134534,8861,577.0,1722688687,20240803,1736487081,2848,,
QEEPZFkxRF8,Minecraft 1.21.1 Release Candidate 1 | Critical Exploits Fixed!,4:12,640x360,86139,5442,239.0,1723051190,20240807,1736487078,2848,,
PgOV9vyg7b4,Mapping Out The World | Hermitcraft X 1178,21:26,640x360,190568,10669,364.0,1723212902,20240809,1736487075,2849,,
JfkfP-i3w3Y,"Minecraft 1.21.2 Snapshot 24W33A | Better Bundles, Experiments & New Baby Mobs!",20:19,640x360,349168,19923,2000.0,1723755669,20240815,1736487072,2850,,
ZGyL5uMy_Fw,MACE RACE MINI-GAME | Hermitcraft X 1179,27:15,640x360,113761,8487,449.0,1723901129,20240817,1736487069,2850,,
qXt9PDzSODs,Minecraft 1.21.2 Snapshot 24W34A | Fast Crafting & Left Oriented Redstone,9:32,640x360,333832,18578,1000.0,1724261545,20240821,1736487066,2850,,
-cHNT2ukZ2s,I Built A Potion Box Factory | Hermitcraft X 1180,31:52,640x360,102024,7268,363.0,1724501700,20240824,1736487062,2851,,
5go9dfMeCdE,"Minecraft 1.21.2 Snapshot 24W35A | Explosion Power, Octatree & New Sounds!",8:06,640x360,226166,13433,408.0,1724861095,20240828,1736487059,2851,,
NzfuM22DncY,"Tear It Down, Build It Up | Hermitcraft X 1181",25:12,640x360,100336,7509,398.0,1725286502,20240902,1736487056,2852,,
O0U-uLq1A1g,"Minecraft 1.21.2 Snapshot 24W36A | Custom Tooltips, Minecraft Movie & More!",10:40,640x360,210806,12750,648.0,1725472386,20240904,1736487053,2852,,
2JUQDzpCQiU,Your Fanart On Hermitcraft? | Hermitcraft X 1182,15:55,640x360,76341,7045,537.0,1725797700,20240908,1736487050,2853,,
uPM7QWYTsy8,MINECRAFTS FUTURE ANNOUNCED,9:53,640x360,457081,20962,1600.0,1725909043,20240909,1736487047,2853,,
-Wm-8qV_Up4,Minecraft 1.21.2 Snapshot 24W37A | GUI Sprites & Buffed Pearls,8:08,640x360,162005,10966,636.0,1726078041,20240911,1736487044,2853,,
FaHj5JYd6WA,Ender Pearl Chunk Loaders Are Better Than You Think!,6:55,640x360,112639,6835,483.0,1726243033,20240913,1736487041,2854,,
m5idGIngzhs,First Official Race & Art Submissions | Hermitcraft X 1183,38:20,640x360,93994,6753,380.0,1726496011,20240916,1736487038,2854,,
ZnvTr9VShcI,Minecraft 1.21.2 Snapshot 24W38A | Dyeable Bundles & Minecraft Live 2024,8:27,640x360,159946,10486,543.0,1726681539,20240918,1736487035,2854,,
FFOkOcXpXc4,"Minecraft 1.21.2 Snapshot 24W39A | Leaks, New Biome & New Mob!",4:47,640x360,227488,11785,662.0,1727282288,20240925,1736487032,2855,,
KbQz0L4rxas,Minecraft 1.22 is NOT the Pale Garden & Creaking,9:57,640x360,568024,26949,2800.0,1727556699,20240928,1736487028,2856,,
TQohRxcbKg4,I've Got Invisible Ink For Maps | Hermitcraft X 1184,23:19,640x360,95694,6895,401.0,1727705702,20240930,1736487025,2856,,
DfWct8Um05o,"Minecraft 1.21.2 Snapshot 24W40A | Creaking, Pale Garden, Winter Drop!",12:46,640x360,273206,15809,1400.0,1727893984,20241002,1736487022,2856,,
uUqFBEsnbiw,Are You Keeping Track Of Minecraft Updates?,8:18,640x360,115513,6905,1000.0,1728051304,20241004,1736487019,2857,,
63LuGdtdd2M,Your Fanart Is On The Server | Hermitcraft X 1185,16:41,640x360,82618,6920,378.0,1728310500,20241007,1736487016,2857,,
EeHzcUBGq1I,"Minecraft 1.21.2 Pre Release 1 Bubble UI, Fearful Illagers & Creaking Redstone",8:26,640x360,237745,13213,617.0,1728409347,20241008,1736486786,2857,,
QUUht9K8G_4,Minecraft 1.21.2 | Release Date & Latest Winter Drop Changes,5:55,640x360,117127,7183,221.0,1729601224,20241022,1736486783,2859,,
vb2HldcNWPE,Minecraft 1.21.3 | Small Salmon & Realms Hotfix,2:24,640x360,64702,3912,213.0,1729693172,20241023,1736486780,2859,,
EyfEw-ewS_w,"Minecraft Winter Drop | Resin Blocks, Eyeblossom & More!",10:29,640x360,276358,15154,1400.0,1729778327,20241024,1736486777,2860,,
Usfxg7UCzks,How To Build A Resin Farm | Minecraft Tutorial,8:32,640x360,76792,3936,404.0,1729873787,20241025,1736486774,2860,,
FY9iAfUBT7o,How I'm Feeling | Hermitcraft X 1186,18:39,640x360,58469,5222,116.0,1729944902,20241026,1736486772,2860,,
YzV5R9YiwkM,Minecraft 1.21.4 Snapshot 24W44A | A Big Winter Drop Update!,15:22,640x360,286730,14569,918.0,1730317565,20241030,1736486769,2860,,
7Jd-Rr9cJYo,Minecraft... but its generated by AI,9:15,640x360,228324,9692,1900.0,1730552637,20241102,1736486766,2861,,
K2sTMfL5gwc,"Minecraft 1.21.4 Snapshot 24W45A | Collars, New Pickup System & Big Resource Pack Features!",11:37,640x360,237114,13700,494.0,1730915884,20241106,1736486763,2861,,
796pNXjDd00,The Wool Street Saga | Hermitcraft X 1187,45:40,640x360,105863,7556,299.0,1731347598,20241111,1736486760,2862,,
MledbjMn0Bk,Minecraft 1.21.4 Snapshot 24W46A | Holder Types & Resin Wolf Farm!,10:02,1920x1080,193487,11426,347.0,1731519655,20241113,1736481802,2862,,
gv5PDCpJgIk,Minecraft 1.21.4 Pre Release 1 New Item Tints & Symbols,8:18,1920x1080,214149,10802,644.0,1732127375,20241120,1736481792,2863,,
ybsmRCx2Tio,Hermit Murals & Pixel Art | Hermitcraft X 1188,40:57,1920x1080,80411,5794,393.0,1732561317,20241125,1736481780,2864,,
y0-UHQKr0iM,Minecraft's Next Drop - The Garden Awakens,4:42,1920x1080,190762,9605,642.0,1732731727,20241127,1736481767,2864,,
zVCYFjyJYwo,The Update With No New Music Has A Soundtrack???,6:36,1920x1080,71545,4444,247.0,1733246317,20241203,1736481758,2865,,
AojkziDUevE,A Not-New Mini-Game | Hermitcraft X 1189,31:57,1920x1080,71008,5300,197.0,1733757300,20241209,1736481748,2866,,
jNqcUdf39ho,"My Minecraft Toolbox | Chunkbase, MCStacker, MapartCraft & More",14:05,1920x1080,54512,4798,149.0,1733930423,20241211,1736481739,2866,,
bu0Kiw0cr1k,Resin Farm & Creaking Prank | Hermitcraft X 1190,33:40,1920x1080,117560,7063,245.0,1734362103,20241216,1736481730,2867,,
Sm5HQbaEH2M,Animating Armor Stands & Resin Auto Crafting | Hermitcraft X 1191,27:48,1920x1080,63710,4704,160.0,1734873265,20241222,1736481720,2868,,
zRFAmOj5Vcs,"Snapshot 25W02A | New Pigs, Flowers, Leaves & Lodestone Buff | Minecraft 1.21.5",14:41,1920x1080,454011,26308,2600.0,1736361767,20250108,1736481708,2870,,
